"Date/Time (EDT)","Zone","Section","Row","Qty","Price"
"06-07-24 / 08:49 AM","East Lower Tier","East1","K","3","370.46"
"06-07-24 / 08:49 AM","East Upper Tier","East12","L","2","616.05"
"06-07-24 / 08:49 AM","West Lower Tier","West31","D","2","374.62"
"06-07-24 / 08:49 AM","East Lower Tier","East1","U","3","353.81"
"06-07-24 / 08:49 AM","East Lower Tier","East1","O","3","362.14"
"06-07-24 / 08:49 AM","West Lower Tier","West35","GG","3","341.32"
"06-07-24 / 08:49 AM","East Lower Tier","East1","F","2","299.7"
"06-07-24 / 08:49 AM","East Lower Tier","East1","V","3","333"
"06-07-24 / 08:49 AM","West Upper Tier","West42","HH","3","231.44"
"06-07-24 / 08:49 AM","West Upper Tier","West42","JJ","3","287.51"
"06-07-24 / 04:16 AM","West Upper Tier","West6","JJ","1","467.66"
"06-07-24 / 04:16 AM","West Upper Tier","West34","SS","1","711.79"
"06-07-24 / 04:16 AM","West Lower Tier","West5","J","2","907.42"
"06-07-24 / 04:16 AM","West Upper Tier","West30","OO","2","486.54"
"06-07-24 / 04:16 AM","East Lower Tier","East17","S","1","353.61"
"06-07-24 / 04:16 AM","West Lower Tier","West31","X","3","520.77"
"06-07-24 / 04:16 AM","West Upper Tier","West34","UU","1","321.75"
"06-07-24 / 04:16 AM","East Upper Tier","East8","N","1","372.83"
"06-07-24 / 04:16 AM","West Upper Tier","West18","Q","1","638.07"
"06-07-24 / 04:16 AM","West Upper Tier","West28","V","1","331.4"
"06-07-24 / 04:16 AM","East Lower Tier","East7","F","1","791.2"
"06-07-24 / 04:16 AM","East Upper Tier","East18","V","1","487.97"
"06-07-24 / 04:16 AM","West Upper Tier","West40","","1","328.07"
"06-06-24 / 01:10 PM","West Lower Tier","West5","JJ","3","671.09"
"06-06-24 / 01:10 PM","East Lower Tier","East9","Y","2","749.25"
"06-06-24 / 01:10 PM","South Upper Tier","South8","V","1","367.13"
"06-06-24 / 01:10 PM","North Upper Tier","North20","P","1","479.34"
"06-06-24 / 09:05 AM","East Upper Tier","East10","C","1","500.66"
"06-06-24 / 09:05 AM","Floor","General Admission","","2","456.21"
"06-06-24 / 09:05 AM","West Upper Tier","West2","Z","2","596.52"
"06-06-24 / 09:05 AM","North Upper Tier","North18","S","2","426.09"
"06-06-24 / 09:05 AM","West Lower Tier","West33","W","4","694.37"
"06-06-24 / 09:05 AM","West Lower Tier","West27","AA","2","770.06"
"06-06-24 / 09:05 AM","West Lower Tier","West9","BB","1","583.06"
"06-06-24 / 09:05 AM","West Lower Tier","West27","HH","2","724.28"
"06-06-24 / 09:05 AM","West Upper Tier","West2","FF","1","729.08"
"06-06-24 / 04:11 AM","Floor","General Admission","","2","462.5"
"06-05-24 / 10:51 PM","East Upper Tier","East16","R","4","1016.23"
"06-05-24 / 10:51 PM","East Lower Tier","East3","O","1","501.07"
"06-05-24 / 10:51 PM","West Lower Tier","West1","HH","1","300.59"
"06-05-24 / 10:51 PM","West Upper Tier","West38","GG","2","413.55"
"06-05-24 / 10:51 PM","Floor","General Admission","","2","436.71"
"06-05-24 / 10:51 PM","Floor","General Admission","","2","675.87"
"06-05-24 / 10:51 PM","West Upper Tier","West14","QQ","2","462.71"
"06-05-24 / 10:51 PM","East Lower Tier","East5","S","2","1045.35"
"06-05-24 / 10:51 PM","East Lower Tier","East3","J","2","2001.61"
"06-05-24 / 10:51 PM","Floor","General Admission","","2","665.27"
"06-05-24 / 10:51 PM","West Upper Tier","West34","Q","1","488.7"
"06-05-24 / 10:51 PM","East Upper Tier","East2","T","1","389.48"
"06-05-24 / 10:51 PM","West Upper Tier","West40","GG","2","444.07"
"06-05-24 / 10:51 PM","East Upper Tier","East14","O","1","343.13"
"06-05-24 / 10:51 PM","East Upper Tier","East22","Y","1","363.52"
"06-05-24 / 10:51 PM","West Upper Tier","West4","Y","1","264.52"
"06-05-24 / 10:51 PM","East Lower Tier","East9","H","2","665.17"
"06-05-24 / 10:51 PM","Floor","General Admission","","4","467.91"
"06-05-24 / 10:51 PM","East Upper Tier","East6","Z","3","571.24"
"06-05-24 / 10:51 PM","West Upper Tier","West4","DD","2","455.43"
"06-05-24 / 10:51 PM","West Upper Tier","West36","SS","1","259.95"
"06-05-24 / 10:51 PM","East Lower Tier","East13","J","2","656.01"
"06-05-24 / 10:51 PM","East Lower Tier","East15","O","1","599.4"
"06-05-24 / 10:51 PM","East Upper Tier","East12","S","2","607.72"
"06-05-24 / 10:51 PM","West Upper Tier","West4","V","2","466.2"
"06-05-24 / 10:51 PM","East Lower Tier","East17","S","1","332.73"
"06-05-24 / 10:51 PM","South Lower Tier","South1","V","2","536.96"
"06-05-24 / 10:51 PM","East Upper Tier","East22","X","2","491.18"
"06-05-24 / 10:51 PM","East Upper Tier","East20","A","1","495.34"
"06-05-24 / 10:51 PM","East Upper Tier","East12","M","1","370.46"
"06-05-24 / 10:51 PM","West Lower Tier","West31","BB","1","285.94"
"06-05-24 / 10:51 PM","West Upper Tier","West6","PP","1","370.46"
"06-05-24 / 10:51 PM","West Upper Tier","West12","TT","1","308.02"
"06-05-24 / 10:51 PM","West Upper Tier","West10","U","1","389.61"
"06-05-24 / 10:51 PM","West Upper Tier","West38","VV","1","316.35"
"06-05-24 / 10:51 PM","West Lower Tier","West13","GG","1","448.72"
"06-05-24 / 10:51 PM","Floor","General Admission","","1","379.53"
"06-05-24 / 10:51 PM","West Lower Tier","West33","AA","1","249.27"
"06-05-24 / 10:51 PM","West Upper Tier","West8","QQ","1","332.73"
"06-05-24 / 10:51 PM","East Lower Tier","East3","R","1","396.3"
"06-05-24 / 10:51 PM","West Upper Tier","West4","BB","2","811.04"
"06-05-24 / 10:50 PM","East Upper Tier","East6","O","1","270.04"
"06-05-24 / 10:50 PM","South Lower Tier","South15","U","2","675.87"
"06-05-24 / 10:50 PM","East Lower Tier","East17","M","1","519.9"
"06-05-24 / 10:50 PM","West Lower Tier","West1","RR","2","850.74"
"06-05-24 / 10:50 PM","West Upper Tier","West40","Y","1","251.35"
"06-05-24 / 10:50 PM","Floor","General Admission","","1","444"
"06-05-24 / 10:50 PM","West Upper Tier","West38","V","1","355.4"
"06-05-24 / 10:50 PM","West Upper Tier","West36","LL","1","285.94"
"06-05-24 / 10:50 PM","Floor","General Admission","","1","478.31"
"06-05-24 / 10:50 PM","West Lower Tier","West21","X","1","478.31"
"06-05-24 / 10:50 PM","South Lower Tier","South11","JJ","1","575.05"
"06-05-24 / 10:50 PM","West Upper Tier","West40","V","2","571.89"
"06-05-24 / 10:50 PM","East Lower Tier","East15","L","1","797.58"
"06-05-24 / 10:50 PM","West Lower Tier","West7","R","4","748.65"
"06-05-24 / 10:50 PM","West Lower Tier","West33","V","1","256.85"
"06-05-24 / 10:50 PM","East Lower Tier","East13","M","2","649.87"
"06-05-24 / 10:50 PM","East Upper Tier","East16","F","1","519.9"
"06-05-24 / 10:50 PM","Floor","General Admission","","2","471.46"
"06-05-24 / 10:50 PM","Floor","General Admission","","1","383.69"
"06-05-24 / 10:50 PM","East Upper Tier","East2","Z","1","354.68"
"06-05-24 / 10:50 PM","Floor","General Admission","","2","708.95"
"06-05-24 / 10:50 PM","Floor","General Admission","","1","540.69"
"06-05-24 / 10:50 PM","West Lower Tier","West1","GG","2","727.86"
"06-05-24 / 10:50 PM","South Lower Tier","South13","Y","1","400.32"
"06-05-24 / 10:50 PM","East Lower Tier","East17","V","1","539.46"
"06-05-24 / 10:50 PM","West Upper Tier","West12","X","1","438.31"
"06-05-24 / 10:50 PM","East Upper Tier","East18","T","1","567.72"
"06-05-24 / 10:50 PM","West Upper Tier","West8","BB","1","350.65"
"06-05-24 / 10:50 PM","South Lower Tier","South15","V","1","306.74"
"06-05-24 / 10:50 PM","East Lower Tier","East3","G","1","935.82"
"06-05-24 / 10:50 PM","Floor","General Admission","","2","748.42"
"06-05-24 / 10:50 PM","West Lower Tier","West27","JJ","1","363.93"
"06-05-24 / 10:50 PM","West Lower Tier","West13","Z","1","1923.62"
"06-05-24 / 10:50 PM","West Upper Tier","West34","SS","1","306.74"
"06-05-24 / 10:50 PM","East Lower Tier","East5","K","1","1201.99"
"06-05-24 / 10:50 PM","West Lower Tier","West31","Y","1","285.94"
"06-05-24 / 10:50 PM","West Lower Tier","West1","JJ","1","396.3"
"06-05-24 / 10:50 PM","West Lower Tier","West31","BB","2","681.51"
"06-05-24 / 10:50 PM","West Lower Tier","West31","Row","2","540.88"
"06-05-24 / 10:50 PM","Floor","General Admission","","1","395.76"
"06-05-24 / 10:50 PM","West Lower Tier","West Lower Tier","S","2","1143.77"
"06-05-24 / 10:50 PM","East Lower Tier","East Lower Tier","10","1","926.81"
"06-05-24 / 10:50 PM","Floor","General Admission","","1","727.86"
"06-05-24 / 10:50 PM","Floor","General Admission","","1","390.15"
"06-05-24 / 10:50 PM","South Lower Tier","South15","AA","1","455.13"
"06-05-24 / 10:50 PM","West Lower Tier","West11","CC","1","1663.77"
"06-05-24 / 10:50 PM","Floor","General Admission","","1","727.84"
"06-05-24 / 10:50 PM","West Lower Tier","West21","AA","2","624.09"
"06-05-24 / 10:50 PM","West Lower Tier","West3","P","2","1147.48"
"06-05-24 / 10:50 PM","West Lower Tier","West13","KK","2","1975.61"
"06-05-24 / 10:50 PM","East Lower Tier","East3","D","2","1028.36"
"06-05-24 / 10:50 PM","West Lower Tier","West25","R","2","1403.72"
"06-05-24 / 10:50 PM","West Lower Tier","West15","Q","1","1247.75"
"06-05-24 / 10:50 PM","West Upper Tier","West18","JJ","4","1063.43"
"06-05-24 / 10:50 PM","Floor","General Admission","","2","779.85"
"06-05-24 / 10:50 PM","Floor","General Admission","","1","590.13"
"06-05-24 / 10:50 PM","West Upper Tier","West10","Q","1","590.79"
"06-05-24 / 04:17 PM","West Upper Tier","West34","R","1","242.22"
"06-05-24 / 04:17 PM","East Upper Tier","East10","C","1","446.64"
"06-05-24 / 04:17 PM","West Upper Tier","West28","V","1","350.92"
"06-05-24 / 04:17 PM","East Lower Tier","East17","T","2","521.6"
"06-05-24 / 04:17 PM","East Upper Tier","East6","H","1","382.95"
"06-05-24 / 04:17 PM","West Upper Tier","West16","FF","2","549.45"
"06-05-24 / 04:17 PM","West Upper Tier","West36","T","2","425.37"
"06-05-24 / 04:17 PM","West Upper Tier","West6","WW","2","467.91"
"06-05-24 / 04:17 PM","East Lower Tier","East15","Q","1","605.01"
"06-05-24 / 04:17 PM","East Lower Tier","East9","Y","2","999"
"06-05-24 / 04:17 PM","South Upper Tier","South6","AA","1","563.5"
"06-05-24 / 04:17 PM","East Upper Tier","East10","T","2","499.63"
"06-05-24 / 04:17 PM","East Upper Tier","East10","X","1","353.31"
"06-05-24 / 04:17 PM","East Upper Tier","East12","Z","2","842.49"
"06-05-24 / 04:17 PM","East Upper Tier","East22","N","2","513.91"
"06-05-24 / 04:17 PM","South Lower Tier","South11","U","1","379.01"
"06-05-24 / 04:17 PM","West Lower Tier","West3","H","1","375.79"
"06-05-24 / 04:17 PM","West Upper Tier","West4","MM","1","346.89"
"06-05-24 / 04:17 PM","East Upper Tier","East8","N","1","446.64"
"06-05-24 / 04:17 PM","South Lower Tier","South3","S","1","355.89"
"06-05-24 / 04:17 PM","South Lower Tier","South1","R","1","518.9"
"06-05-24 / 04:17 PM","South Lower Tier","South11","P","1","462.66"
"06-05-24 / 04:17 PM","South Lower Tier","South11","Y","1","421.48"
"06-05-24 / 04:17 PM","West Upper Tier","West2","CC","1","404.12"
"06-05-24 / 04:17 PM","South Upper Tier","South12","KK","1","321.19"
"06-05-24 / 04:17 PM","South Upper Tier","South12","S","1","447.72"
"06-05-24 / 04:17 PM","South Upper Tier","South4","B","1","363.66"
"06-05-24 / 04:17 PM","West Lower Tier","West29","JJ","1","331.86"
"06-05-24 / 04:17 PM","West Lower Tier","West3","NN","1","408.56"
"06-05-24 / 04:17 PM","West Upper Tier","West6","U","1","321.19"
"06-05-24 / 04:17 PM","West Upper Tier","West22","SS","1","355.89"
"06-05-24 / 04:17 PM","Floor","General Admission","","3","431.27"
"06-05-24 / 04:17 PM","West Lower Tier","West29","MM","1","289.07"
"06-05-24 / 04:17 PM","West Upper Tier","West24","NN","1","385.43"
"06-05-24 / 04:17 PM","South Upper Tier","South6","Z","1","296.01"
"06-05-24 / 04:17 PM","West Lower Tier","West5","OO","2","623.88"
"06-05-24 / 04:17 PM","South Upper Tier","South14","Z","1","345.61"
"06-05-24 / 04:17 PM","West Lower Tier","West19","NN","4","770.06"
"06-05-24 / 04:17 PM","Floor","General Admission","","1","532.76"
"06-05-24 / 04:17 PM","South Lower Tier","South17","Z","1","311.94"
"06-05-24 / 11:39 AM","West Lower Tier","West33","DD","2","387.82"
"06-05-24 / 11:39 AM","Floor","General Admission","","1","401.74"
"06-05-24 / 11:39 AM","West Upper Tier","West4","FF","2","511.99"
"06-05-24 / 11:39 AM","West Lower Tier","West9","HH","1","707.06"
"06-05-24 / 11:39 AM","West Upper Tier","West38","TT","2","331.97"
"06-05-24 / 11:39 AM","West Upper Tier","West40","UU","2","362.73"
"06-05-24 / 11:39 AM","South Lower Tier","South1","N","2","468.31"
"06-05-24 / 11:39 AM","West Lower Tier","West5","BB","2","499.63"
"06-05-24 / 11:39 AM","West Lower Tier","West1","JJ","2","660.5"
"06-05-24 / 11:39 AM","South Upper Tier","South10","JJ","2","513.91"
"06-05-24 / 11:39 AM","West Lower Tier","West7","AA","1","334.54"
"06-05-24 / 11:39 AM","South Lower Tier","South15","BB","1","289.07"
"06-05-24 / 11:39 AM","West Lower Tier","West5","E","1","331.86"
"06-05-24 / 11:39 AM","South Lower Tier","South5","L","1","280.74"
"06-05-24 / 11:39 AM","West Upper Tier","West4","W","1","301.54"
"06-05-24 / 11:39 AM","South Upper Tier","South6","W","1","295.31"
"06-05-24 / 11:39 AM","South Upper Tier","South4","FF","4","449.55"
"06-05-24 / 07:15 AM","Floor","General Admission","","1","432.72"
"06-05-24 / 07:15 AM","South Upper Tier","South6","AA","3","563.5"
"06-05-24 / 07:15 AM","East Lower Tier","East13","S","2","615.19"
"06-05-24 / 07:15 AM","West Lower Tier","West5","PP","2","517.2"
"06-05-24 / 07:15 AM","South Upper Tier","South14","OO","1","277.26"
"06-05-24 / 07:15 AM","West Upper Tier","West36","V","2","347.21"
"06-05-24 / 07:15 AM","West Upper Tier","West34","PP","1","282.59"
"06-05-24 / 07:15 AM","South Upper Tier","South10","RR","2","510.91"
"06-05-24 / 07:15 AM","East Upper Tier","East10","Y","1","299.95"
"06-05-24 / 07:15 AM","Floor","General Admission","","2","368.15"
"06-05-24 / 07:15 AM","South Lower Tier","South11","FF","2","492.96"
"06-05-24 / 07:15 AM","Floor","General Admission","","2","403.64"
"06-05-24 / 07:15 AM","South Lower Tier","South9","OO","1","329.07"
"06-05-24 / 07:15 AM","West Lower Tier","West31","kk","1","311.77"
"06-05-24 / 02:18 AM","East Upper Tier","East6","U","1","300.29"
"06-05-24 / 02:18 AM","West Lower Tier","West15","P","1","344.09"
"06-05-24 / 02:18 AM","East Lower Tier","East7","S","2","573.48"
"06-05-24 / 02:18 AM","West Lower Tier","West15","O","1","366.23"
"06-05-24 / 02:18 AM","West Lower Tier","West21","JJ","1","415.42"
"06-05-24 / 02:18 AM","South Upper Tier","South18","EE","1","302.77"
"06-05-24 / 02:18 AM","West Upper Tier","West22","QQ","1","323.23"
"06-04-24 / 09:06 PM","Floor","General Admission","","1","396.75"
"06-04-24 / 09:06 PM","West Lower Tier","West9","L","2","605.88"
"06-04-24 / 09:06 PM","West Upper Tier","West40","T","2","391.01"
"06-04-24 / 09:06 PM","South Upper Tier","South4","X","1","281.91"
"06-04-24 / 09:06 PM","West Upper Tier","West2","Z","2","510.34"
"06-04-24 / 09:06 PM","East Upper Tier","East2","X","1","286.41"
"06-04-24 / 09:06 PM","West Lower Tier","West31","LL","1","448.72"
"06-04-24 / 09:06 PM","East Upper Tier","East4","Y","1","260.76"
"06-04-24 / 09:06 PM","South Upper Tier","South18","SS","2","466.2"
"06-04-24 / 09:06 PM","West Lower Tier","West31","DD","4","469.21"
"06-04-24 / 09:06 PM","South Upper Tier","South6","JJ","2","524.48"
"06-04-24 / 09:06 PM","West Upper Tier","West30","KK","1","247.23"
"06-04-24 / 09:06 PM","East Upper Tier","East22","V","2","469.21"
"06-04-24 / 09:06 PM","East Upper Tier","East4","X","1","291.38"
"06-04-24 / 09:06 PM","Floor","General Admission","","1","391.01"
"06-04-24 / 09:06 PM","West Upper Tier","West22","DD","1","291.95"
"06-04-24 / 09:06 PM","East Upper Tier","East6","Q","2","444.51"
"06-04-24 / 09:06 PM","North Upper Tier","North20","W","1","248.16"
"06-04-24 / 09:06 PM","South Upper Tier","South10","U","1","281.53"
"06-04-24 / 09:06 PM","West Upper Tier","West38","QQ","1","242.94"
"06-04-24 / 09:06 PM","West Lower Tier","West31","EE","1","277.22"
"06-04-24 / 09:06 PM","Floor","General Admission","","2","462.28"
"06-04-24 / 09:06 PM","South Upper Tier","South8","p","1","310.72"
"06-04-24 / 09:06 PM","West Upper Tier","West30","OO","4","510.92"
"06-04-24 / 09:06 PM","Floor","General Admission","","2","1042.69"
"06-04-24 / 04:18 PM","Floor","General Admission","","2","495.8"
"06-04-24 / 04:18 PM","Floor","General Admission","","1","364.94"
"06-04-24 / 04:18 PM","West Upper Tier","West22","R","2","677.75"
"06-04-24 / 04:18 PM","West Lower Tier","West31","JJ","1","283.84"
"06-04-24 / 04:18 PM","West Upper Tier","West22","VV","1","296.23"
"06-04-24 / 04:18 PM","North Upper Tier","North20","L","3","396.22"
"06-04-24 / 04:18 PM","South Upper Tier","South10","FF","1","356.86"
"06-04-24 / 04:18 PM","West Lower Tier","West11","J","2","709.15"
"06-04-24 / 04:18 PM","Floor","General Admission","","2","1000.99"
"06-04-24 / 04:18 PM","West Upper Tier","West36","QQ","1","270.56"
"06-04-24 / 11:54 AM","East Upper Tier","East8","N","2","639.83"
"06-04-24 / 11:54 AM","West Upper Tier","West2","P","2","437.93"
"06-04-24 / 11:54 AM","Floor","General Admission","","2","407.92"
"06-04-24 / 11:54 AM","East Upper Tier","East12","X","1","302.38"
"06-04-24 / 11:54 AM","East Lower Tier","East11","J","1","888.53"
"06-04-24 / 11:54 AM","South Upper Tier","South4","M","1","320.51"
"06-04-24 / 11:54 AM","West Lower Tier","West11","DD","2","665.17"
"06-04-24 / 11:54 AM","West Lower Tier","West3","CC","1","299.7"
"06-04-24 / 11:54 AM","West Upper Tier","West26","JJ","1","449.55"
"06-04-24 / 11:54 AM","Floor","General Admission","","1","311.77"
"06-04-24 / 07:54 AM","East Lower Tier","East15","O","3","915.75"
"06-04-24 / 07:54 AM","Front Standing","Right","","2","432.55"
"06-04-24 / 07:54 AM","Floor","General Admission","","2","378.61"
"06-04-24 / 07:54 AM","West Lower Tier","West29","LL","2","399.6"
"06-04-24 / 07:54 AM","South Lower Tier","South13","HH","4","599.38"
"06-04-24 / 07:54 AM","West Upper Tier","West40","S","1","208.22"
"06-04-24 / 07:54 AM","East Upper Tier","East8","A","1","362.64"
"06-04-24 / 07:54 AM","West Upper Tier","West34","PP","1","424.34"
"06-04-24 / 07:54 AM","West Upper Tier","West38","W","1","222.77"
"06-04-24 / 07:54 AM","East Upper Tier","East18","E","2","435.66"
"06-04-24 / 07:54 AM","West Lower Tier","West33","LL","4","358.33"
"06-04-24 / 07:54 AM","West Upper Tier","West40","BB","1","249.23"
"06-04-24 / 07:54 AM","South Lower Tier","South5","S","1","397.07"
"06-04-24 / 07:54 AM","West Upper Tier","West32","U","1","343.01"
"06-04-24 / 07:54 AM","Floor","General Admission","","1","384.58"
"06-04-24 / 07:54 AM","West Lower Tier","West33","BB","1","250.58"
"06-04-24 / 07:54 AM","East Upper Tier","East8","","4","581.92"
"06-04-24 / 07:54 AM","South Upper Tier","South16","WW","1","337.12"
"06-04-24 / 03:16 AM","Floor","General Admission","","1","602.73"
"06-04-24 / 03:16 AM","West Lower Tier","West19","K","1","702.52"
"06-04-24 / 03:16 AM","South Lower Tier","South15","NN","1","254.13"
"06-04-24 / 03:16 AM","South Upper Tier","South16","RR","1","340.26"
"06-04-24 / 03:16 AM","West Upper Tier","West34","Z","1","466.79"
"06-03-24 / 10:16 PM","Floor","General Admission","","1","466.78"
"06-03-24 / 10:16 PM","Floor","General Admission","","1","467.77"
"06-03-24 / 10:16 PM","West Upper Tier","West36","EE","1","277.99"
"06-03-24 / 10:16 PM","West Upper Tier","West10","FF","2","622.37"
"06-03-24 / 10:16 PM","West Lower Tier","West1","MM","2","564.92"
"06-03-24 / 10:16 PM","West Upper Tier","West40","HH","2","388.98"
"06-03-24 / 10:16 PM","Floor","General Admission","","2","500.95"
"06-03-24 / 10:16 PM","South Upper Tier","South8","DD","2","466.78"
"06-03-24 / 10:16 PM","West Lower Tier","West29","DD","1","247.53"
"06-03-24 / 10:16 PM","Floor","General Admission","","4","400.02"
"06-03-24 / 10:16 PM","Floor","General Admission","","1","380.27"
"06-03-24 / 10:16 PM","Floor","General Admission","","1","363.05"
"06-03-24 / 10:16 PM","West Lower Tier","West27","DD","2","534.93"
"06-03-24 / 10:16 PM","West Upper Tier","West34","NN","2","465.74"
"06-03-24 / 10:16 PM","West Lower Tier","West31","EE","1","291.38"
"06-03-24 / 10:16 PM","East Upper Tier","East6","X","4","570.5"
"06-03-24 / 10:16 PM","West Lower Tier","West31","GG","1","299.7"
"06-03-24 / 10:16 PM","Floor","General Admission","","2","565.32"
"06-03-24 / 05:15 PM","West Upper Tier","West38","Q","1","222.77"
"06-03-24 / 05:15 PM","East Upper Tier","East14","D","1","456.17"
"06-03-24 / 05:15 PM","West Lower Tier","West3","QQ","1","531.28"
"06-03-24 / 05:15 PM","West Lower Tier","West9","Z","3","1392.9"
"06-03-24 / 05:15 PM","South Upper Tier","South6","X","2","456.17"
"06-03-24 / 05:15 PM","West Upper Tier","West26","RR","4","669.05"
"06-03-24 / 05:15 PM","West Lower Tier","West33","V","1","251.42"
"06-03-24 / 05:15 PM","Floor","General Admission","","1","344.71"
"06-03-24 / 05:15 PM","West Lower Tier","West15","MM","2","740"
"06-03-24 / 05:15 PM","East Lower Tier","East13","T","2","1001.92"
"06-03-24 / 05:15 PM","West Upper Tier","West22","CC","1","342.3"
"06-03-24 / 05:15 PM","West Upper Tier","West2","FF","1","570.5"
"06-03-24 / 05:15 PM","South Lower Tier","South3","T","1","777.96"
"06-03-24 / 12:53 PM","South Lower Tier","South11","Y","3","606.89"
"06-03-24 / 12:53 PM","Floor","General Admission","","2","393.96"
"06-03-24 / 12:53 PM","Front Standing","Left","","2","1037.28"
"06-03-24 / 12:53 PM","West Upper Tier","West6","RR","2","430.97"
"06-03-24 / 12:53 PM","East Upper Tier","East12","V","1","307.43"
"06-03-24 / 12:53 PM","South Lower Tier","South1","E","2","606.89"
"06-03-24 / 12:53 PM","South Upper Tier","South4","FF","3","523.64"
"06-03-24 / 12:53 PM","West Lower Tier","West3","V","1","286.28"
"06-03-24 / 12:53 PM","West Upper Tier","West2","P","2","497.89"
"06-03-24 / 12:53 PM","West Upper Tier","West40","Q","2","386.18"
"06-03-24 / 12:53 PM","East Lower Tier","East5","P","2","756.18"
"06-03-24 / 12:53 PM","South Upper Tier","South10","FF","1","307.43"
"06-03-24 / 12:53 PM","West Upper Tier","West40","BB","1","242.61"
"06-03-24 / 12:53 PM","West Upper Tier","West36","T","1","217.83"
"06-03-24 / 12:53 PM","South Upper Tier","South4","E","2","496.91"
"06-03-24 / 12:53 PM","West Lower Tier","West29","Y","1","275.82"
"06-03-24 / 12:53 PM","West Lower Tier","West1","LL","2","643.11"
"06-03-24 / 12:53 PM","Floor","General Admission","","1","356.89"
"06-03-24 / 12:53 PM","South Upper Tier","South4","J","2","474.52"
"06-03-24 / 12:53 PM","Floor","General Admission","","2","392.68"
"06-03-24 / 12:53 PM","Floor","General Admission","","4","409.47"
"06-03-24 / 04:56 AM","Floor","General Admission","","1","430.27"
"06-03-24 / 04:56 AM","South Upper Tier","South12","UU","1","276.83"
"06-03-24 / 04:56 AM","West Upper Tier","West40","W","2","463.59"
"06-03-24 / 04:56 AM","East Upper Tier","East8","G","1","354.89"
"06-03-24 / 04:56 AM","Floor","General Admission","","3","518.4"
"06-03-24 / 04:56 AM","Floor","General Admission","","1","357.03"
"06-02-24 / 07:46 PM","North Upper Tier","North20","U","2","320.37"
"06-02-24 / 07:46 PM","Floor","General Admission","","2","371.13"
"06-02-24 / 07:46 PM","East Upper Tier","East14","N","2","933.11"
"06-02-24 / 07:46 PM","West Upper Tier","West38","AA","1","222.01"
"06-02-24 / 07:46 PM","West Upper Tier","West36","RR","1","248.83"
"06-02-24 / 07:46 PM","Floor","General Admission","","2","570.24"
"06-02-24 / 07:46 PM","West Lower Tier","West21","F","1","933.11"
"06-02-24 / 07:46 PM","Floor","General Admission","","1","425.08"
"06-02-24 / 07:46 PM","South Lower Tier","South5","Row","1","343.26"
"06-02-24 / 07:46 PM","West Lower Tier","West27","U","1","435.92"
"06-02-24 / 07:46 PM","West Upper Tier","West6","UU","1","305.85"
"06-02-24 / 03:26 PM","East Lower Tier","East17","M","1","297.22"
"06-02-24 / 03:26 PM","Floor","General Admission","","2","381.73"
"06-02-24 / 03:26 PM","East Upper Tier","East6","Z","1","269.57"
"06-02-24 / 03:26 PM","Floor","General Admission","","1","363.32"
"06-02-24 / 11:29 AM","Floor","General Admission","","2","392.33"
"06-02-24 / 11:29 AM","West Lower Tier","West31","KK","2","373.79"
"06-02-24 / 11:29 AM","West Lower Tier","West7","LL","2","484.67"
"06-02-24 / 11:29 AM","West Upper Tier","West28","VV","2","462.32"
"06-02-24 / 11:29 AM","East Upper Tier","East18","S","2","466.56"
"06-02-24 / 11:29 AM","West Upper Tier","West36","QQ","4","312.19"
"06-02-24 / 11:29 AM","West Upper Tier","West6","AA","1","553.74"
"06-02-24 / 11:29 AM","West Upper Tier","West4","GG","2","456.95"
"06-02-24 / 07:43 AM","West Upper Tier","West24","PP","2","424.14"
"06-02-24 / 07:43 AM","West Upper Tier","West24","WW","1","259.2"
"06-02-24 / 07:43 AM","Floor","General Admission","","3","471.27"
"06-02-24 / 07:43 AM","Floor","General Admission","","1","353.89"
"06-02-24 / 07:43 AM","West Upper Tier","West8","BB","1","300.67"
"06-02-24 / 07:43 AM","South Upper Tier","South6","X","1","274.6"
"06-02-24 / 03:49 AM","East Upper Tier","East4","O","1","285.1"
"06-01-24 / 11:23 PM","West Upper Tier","West14","EE","1","300.66"
"06-01-24 / 11:23 PM","Floor","General Admission","","1","347.98"
"06-01-24 / 11:23 PM","North Upper Tier","North18","R","2","295.47"
"06-01-24 / 11:23 PM","North Upper Tier","North20","S","1","266.45"
"06-01-24 / 11:23 PM","West Upper Tier","West30","HH","2","517.32"
"06-01-24 / 11:23 PM","West Upper Tier","West22","V","1","354.94"
"06-01-24 / 06:58 PM","East Lower Tier","East3","D","2","657.68"
"06-01-24 / 06:58 PM","West Upper Tier","West40","W","2","287.69"
"06-01-24 / 06:58 PM","West Upper Tier","West28","VV","2","462.29"
"06-01-24 / 06:58 PM","South Upper Tier","South8","UU","4","445.33"
"06-01-24 / 06:58 PM","West Upper Tier","West40","BB","2","278.66"
"06-01-24 / 06:58 PM","South Lower Tier","South3","d","1","471.25"
"06-01-24 / 06:58 PM","West Lower Tier","West3","PP","1","414.7"
"06-01-24 / 06:58 PM","West Upper Tier","West32","NN","2","403.3"
"06-01-24 / 06:58 PM","Floor","General Admission","Row","1","318.64"
"06-01-24 / 06:58 PM","South Upper Tier","South16","RR","1","308.09"
"06-01-24 / 06:58 PM","East Lower Tier","East7","T","1","636.18"
"06-01-24 / 06:58 PM","East Upper Tier","East6","P","1","466.2"
"06-01-24 / 06:58 PM","Floor","General Admission","","2","379.78"
"06-01-24 / 06:58 PM","West Upper Tier","West4","UU","1","335.76"
"06-01-24 / 02:36 PM","South Upper Tier","South12","CC","2","445.8"
"06-01-24 / 02:36 PM","West Upper Tier","West40","Q","4","398.76"
"06-01-24 / 02:36 PM","Floor","General Admission","","1","321.39"
"06-01-24 / 02:36 PM","Floor","General Admission","","1","349.34"
"06-01-24 / 02:36 PM","West Upper Tier","West28","KK","1","311.02"
"06-01-24 / 10:47 AM","East Lower Tier","East3","L","2","1035.51"
"06-01-24 / 10:47 AM","Floor","General Admission","","2","331.36"
"06-01-24 / 10:47 AM","West Upper Tier","West8","R","2","407.09"
"06-01-24 / 10:47 AM","North Upper Tier","North18","Y","4","298.87"
"06-01-24 / 10:47 AM","South Upper Tier","South6","NN","4","437.06"
"06-01-24 / 10:47 AM","West Upper Tier","West36","OO","1","207.1"
"06-01-24 / 10:47 AM","Floor","General Admission","","1","347.34"
"06-01-24 / 10:47 AM","West Upper Tier","West16","NN","1","310.65"
"06-01-24 / 10:47 AM","Floor","General Admission","","2","372.76"
"06-01-24 / 02:21 AM","West Lower Tier","West7","T","1","362.43"
"05-31-24 / 09:16 PM","South Upper Tier","South16","FF","4","448.72"
"05-31-24 / 09:16 PM","North Upper Tier","North20","X","2","285.87"
"05-31-24 / 09:16 PM","North Upper Tier","North18","CC","4","290.54"
"05-31-24 / 09:16 PM","West Upper Tier","West10","Z","1","335.84"
"05-31-24 / 09:16 PM","South Upper Tier","South14","MM","1","444.8"
"05-31-24 / 09:15 PM","Floor","General Admission","","2","362.43"
"05-31-24 / 09:15 PM","West Lower Tier","West3","S","1","683.43"
"05-31-24 / 09:15 PM","West Lower Tier","West3","Y","1","434.91"
"05-31-24 / 09:15 PM","South Upper Tier","South8","SS","2","454.32"
"05-31-24 / 04:27 PM","East Upper Tier","East18","W","2","414.2"
"05-31-24 / 04:27 PM","West Upper Tier","West40","BB","1","249.83"
"05-31-24 / 04:27 PM","East Lower Tier","East3","N","2","506.93"
"05-31-24 / 04:27 PM","Floor","General Admission","","1","264.05"
"05-31-24 / 04:27 PM","West Upper Tier","West20","GG","1","411.54"
"05-31-24 / 12:07 PM","West Upper Tier","West40","P","4","315.43"
"05-31-24 / 12:07 PM","West Upper Tier","West40","W","2","292.69"
"05-31-24 / 12:07 PM","West Upper Tier","West38","DD","1","224.3"
"05-31-24 / 12:07 PM","West Upper Tier","West40","T","2","291.38"
"05-31-24 / 12:07 PM","West Upper Tier","West40","Q","4","304.06"
"05-31-24 / 12:07 PM","Floor","General Admission","","2","383.14"
"05-31-24 / 12:07 PM","South Upper Tier","South2","AA","1","600.59"
"05-31-24 / 12:07 PM","West Upper Tier","West40","PP","1","284.76"
"05-31-24 / 12:07 PM","West Lower Tier","West29","V","1","319.53"
"05-31-24 / 08:09 AM","South Upper Tier","South16","DD","2","444.36"
"05-31-24 / 08:09 AM","West Lower Tier","West1","KK","2","596.94"
"05-31-24 / 08:09 AM","West Upper Tier","West40","W","2","292.7"
"05-31-24 / 08:09 AM","West Upper Tier","West2","RR","2","447.96"
"05-31-24 / 08:09 AM","West Upper Tier","West6","UU","3","603.56"
"05-31-24 / 08:09 AM","West Upper Tier","West36","KK","1","223.21"
"05-31-24 / 08:09 AM","North Upper Tier","North18","B","4","289.71"
"05-31-24 / 08:09 AM","West Upper Tier","West14","MM","2","459.86"
"05-31-24 / 08:09 AM","West Upper Tier","West12","ee","1","305.88"
"05-31-24 / 03:19 AM","East Upper Tier","East18","J","1","310.02"
"05-31-24 / 03:19 AM","West Lower Tier","West9","FF","1","366.3"
"05-31-24 / 03:19 AM","West Upper Tier","West36","LL","1","361.69"
"05-31-24 / 03:19 AM","South Lower Tier","South3","T","1","310.49"
"05-31-24 / 03:19 AM","West Upper Tier","West2","BB","1","298.79"
"05-30-24 / 10:09 PM","Floor","General Admission","","2","382.35"
"05-30-24 / 10:09 PM","Floor","General Admission","","2","563.2"
"05-30-24 / 10:09 PM","West Lower Tier","West11","G","1","620.03"
"05-30-24 / 10:09 PM","West Upper Tier","West28","Q","1","292.31"
"05-30-24 / 10:09 PM","South Lower Tier","South13","MM","2","581.29"
"05-30-24 / 10:09 PM","South Lower Tier","South15","Z","1","372.82"
"05-30-24 / 10:09 PM","West Lower Tier","West11","DD","2","620.21"
"05-30-24 / 10:09 PM","West Lower Tier","West31","JJ","1","272.11"
"05-30-24 / 10:09 PM","East Upper Tier","East4","H","4","469.53"
"05-30-24 / 10:09 PM","West Lower Tier","West5","DD","1","395.44"
"05-30-24 / 10:09 PM","South Upper Tier","South4","GG","1","299.68"
"05-30-24 / 10:09 PM","West Upper Tier","West24","BB","1","581.29"
"05-30-24 / 10:09 PM","West Upper Tier","West40","T","4","610.68"
"05-30-24 / 10:09 PM","South Upper Tier","South16","PP","2","470.36"
"05-30-24 / 10:09 PM","West Upper Tier","West40","W","4","329.1"
"05-30-24 / 10:09 PM","East Lower Tier","East7","X","2","1188.4"
"05-30-24 / 10:09 PM","West Upper Tier","West38","WW","2","286.25"
"05-30-24 / 10:09 PM","West Lower Tier","West3","","2","514.19"
"05-30-24 / 10:09 PM","Floor","General Admission","","1","341.02"
"05-30-24 / 10:09 PM","West Upper Tier","West20","EE","1","351.35"
"05-30-24 / 11:30 AM","West Lower Tier","West29","MM","1","325.52"
"05-30-24 / 11:30 AM","West Lower Tier","West1","K","4","671.7"
"05-30-24 / 11:30 AM","West Upper Tier","West10","CC","4","469.72"
"05-30-24 / 11:30 AM","West Upper Tier","West40","NN","2","263.51"
"05-30-24 / 11:30 AM","Floor","General Admission","","1","413.36"
"05-30-24 / 11:30 AM","West Upper Tier","West38","YY","6","421.7"
"05-30-24 / 11:30 AM","East Lower Tier","East9","D","2","1110"
"05-30-24 / 11:30 AM","South Upper Tier","South20","GG","1","315.64"
"05-30-24 / 07:08 AM","Floor","General Admission","","2","415.22"
"05-30-24 / 07:08 AM","West Upper Tier","West38","WW","2","287.54"
"05-30-24 / 07:08 AM","West Upper Tier","West40","Y","2","319.37"
"05-30-24 / 07:08 AM","South Upper Tier","South14","VV","2","456.97"
"05-30-24 / 07:08 AM","West Lower Tier","West11","GG","2","516.15"
"05-30-24 / 07:08 AM","West Upper Tier","West20","W","2","477.5"
"05-30-24 / 07:07 AM","Floor","General Admission","","2","451.54"
"05-30-24 / 07:07 AM","South Upper Tier","South6","MM","2","311.41"
"05-30-24 / 07:07 AM","Floor","General Admission","","2","415.2"
"05-30-24 / 07:07 AM","West Upper Tier","West40","BB","1","242.79"
"05-30-24 / 07:07 AM","Floor","General Admission","","1","347.74"
"05-30-24 / 07:07 AM","South Lower Tier","South9","KK","2","519.02"
"05-30-24 / 07:07 AM","South Upper Tier","South4","K","1","1008.55"
"05-30-24 / 07:07 AM","West Upper Tier","West30","VV","2","415.22"
"05-30-24 / 07:07 AM","West Lower Tier","West5","F","1","342.55"
"05-30-24 / 07:07 AM","West Lower Tier","West1","V","2","493.07"
"05-30-24 / 07:07 AM","Floor","General Admission","","4","316.35"
"05-30-24 / 07:07 AM","Floor","General Admission","","5","320.51"
"05-29-24 / 03:42 PM","South Upper Tier","South20","VV","2","415.22"
"05-29-24 / 03:42 PM","East Lower Tier","East15","L","2","796.23"
"05-29-24 / 03:42 PM","East Upper Tier","East20","WW","6","423.59"
"05-29-24 / 03:42 PM","West Lower Tier","West33","KK","2","519.02"
"05-29-24 / 03:42 PM","South Upper Tier","South8","UU","4","531.47"
"05-29-24 / 03:42 PM","South Upper Tier","South20","W","2","424.65"
"05-29-24 / 03:42 PM","East Lower Tier","East17","U","2","511.75"
"05-29-24 / 03:42 PM","Floor","General Admission","","2","290.65"
"05-29-24 / 11:25 AM","Floor","General Admission","","2","409.72"
"05-29-24 / 11:25 AM","Front Standing","Left","","3","406.26"
"05-29-24 / 11:25 AM","West Lower Tier","West13","GG","1","822.51"
"05-29-24 / 11:25 AM","West Upper Tier","West40","NN","2","265.17"
"05-29-24 / 11:25 AM","East Upper Tier","East6","H","1","415.42"
"05-29-24 / 11:25 AM","South Upper Tier","South2","O","1","378.79"
"05-29-24 / 11:24 AM","Floor","General Admission","","1","343.17"
"05-29-24 / 11:24 AM","South Lower Tier","South5","SS","1","318.02"
"05-29-24 / 11:24 AM","West Upper Tier","West34","LL","2","331.34"
"05-29-24 / 11:24 AM","West Lower Tier","West31","JJ","3","428.74"
"05-29-24 / 11:24 AM","West Upper Tier","West38","VV","1","241.42"
"05-29-24 / 11:24 AM","North Upper Tier","North6","X","2","436.04"
"05-29-24 / 11:24 AM","South Upper Tier","South2","CC","2","431.34"
"05-29-24 / 11:24 AM","West Lower Tier","West33","AA","2","311.97"
"05-29-24 / 11:24 AM","West Upper Tier","West22","R","2","497.65"
"05-29-24 / 11:24 AM","Floor","General Admission","","3","727.93"
"05-29-24 / 11:24 AM","Floor","General Admission","","1","373.33"
"05-29-24 / 11:24 AM","West Upper Tier","West38","O","2","361.88"
"05-29-24 / 11:24 AM","Floor","General Admission","","1","389.96"
"05-29-24 / 11:24 AM","West Upper Tier","West12","UU","1","415.96"
"05-29-24 / 11:24 AM","West Upper Tier","West34","O","1","236.34"
"05-29-24 / 11:24 AM","Floor","General Admission","","2","374.15"
"05-29-24 / 11:24 AM","West Upper Tier","West28","KK","2","397.94"
"05-29-24 / 11:24 AM","West Upper Tier","West10","QQ","1","384.76"
"05-29-24 / 02:55 AM","Floor","General Admission","","1","335.41"
"05-29-24 / 02:55 AM","North Upper Tier","North18","K","1","213.18"
"05-29-24 / 02:55 AM","South Lower Tier","South9","V","1","353.56"
"05-28-24 / 09:55 PM","Floor","General Admission","","2","528"
"05-28-24 / 09:55 PM","West Upper Tier","West38","JJ","1","178.67"
"05-28-24 / 09:55 PM","West Upper Tier","West10","DD","1","371.17"
"05-28-24 / 09:54 PM","Floor","General Admission","","2","370"
"05-28-24 / 09:54 PM","West Upper Tier","West40","DD","1","171.58"
"05-28-24 / 09:54 PM","West Lower Tier","West9","DD","2","590.85"
"05-28-24 / 09:54 PM","West Upper Tier","West34","Q","1","363.96"
"05-28-24 / 05:10 PM","Front Standing","Right","","2","472.12"
"05-28-24 / 05:10 PM","South Upper Tier","South4","M","2","389.96"
"05-28-24 / 05:10 PM","West Lower Tier","West33","KK","4","308.1"
"05-28-24 / 05:10 PM","West Lower Tier","West5","J","1","256.45"
"05-28-24 / 05:10 PM","East Lower Tier","East9","T","2","1063.53"
"05-28-24 / 05:10 PM","Floor","General Admission","","1","363.96"
"05-28-24 / 05:10 PM","West Upper Tier","West38","FF","1","176.78"
"05-28-24 / 05:10 PM","Floor","General Admission","","3","343.17"
"05-28-24 / 12:43 PM","Floor","General Admission","","2","369.87"
"05-28-24 / 12:43 PM","South Upper Tier","South6","MM","4","432.9"
"05-28-24 / 12:43 PM","West Lower Tier","West1","E","1","467.95"
"05-28-24 / 09:00 AM","North Upper Tier","North18","Y","2","277.22"
"05-28-24 / 09:00 AM","South Lower Tier","South9","OO","1","268.87"
"05-28-24 / 09:00 AM","North Upper Tier","North18","G","2","467.95"
"05-28-24 / 09:00 AM","West Upper Tier","West8","CC","2","502.27"
"05-28-24 / 09:00 AM","Floor","General Admission","","2","519.36"
"05-28-24 / 09:00 AM","West Upper Tier","West10","HH","1","291.17"
"05-28-24 / 04:56 AM","East Lower Tier","East3","D","2","735.44"
"05-28-24 / 04:56 AM","Floor","General Admission","","2","766.17"
"05-28-24 / 04:56 AM","West Upper Tier","West16","S","2","353.62"
"05-28-24 / 12:19 AM","South Upper Tier","South8","EE","4","349.65"
"05-28-24 / 12:19 AM","Floor","General Admission","","1","345.73"
"05-27-24 / 07:55 PM","North Upper Tier","North18","X","2","294.07"
"05-27-24 / 07:55 PM","West Lower Tier","West1","K","1","316.63"
"05-27-24 / 07:55 PM","West Upper Tier","West40","DD","1","168.35"
"05-27-24 / 07:55 PM","West Upper Tier","West16","MM","2","557.78"
"05-27-24 / 07:55 PM","West Upper Tier","West16","RR","3","461.07"
"05-27-24 / 07:55 PM","West Lower Tier","West33","T","2","299.63"
"05-27-24 / 07:55 PM","West Upper Tier","West8","Q","2","430.24"
"05-27-24 / 07:55 PM","Floor","General Admission","","2","459.51"
"05-27-24 / 07:55 PM","West Upper Tier","West36","FF","1","194.65"
"05-27-24 / 07:55 PM","Floor","General Admission","","1","622.37"
"05-27-24 / 03:31 PM","Floor","General Admission","","2","357.98"
"05-27-24 / 03:31 PM","Floor","General Admission","","1","350.97"
"05-27-24 / 03:31 PM","West Lower Tier","West33","LL","4","230.28"
"05-27-24 / 03:31 PM","West Lower Tier","West33","EE","2","261.83"
"05-27-24 / 03:31 PM","North Upper Tier","North18","V","4","213.67"
"05-27-24 / 03:31 PM","North Upper Tier","North18","U","1","168.32"
"05-27-24 / 03:31 PM","West Lower Tier","West33","AA","4","225.18"
"05-27-24 / 03:31 PM","West Upper Tier","West40","GG","1","164.81"
"05-27-24 / 03:31 PM","North Upper Tier","North20","M","2","254.13"
"05-27-24 / 03:31 PM","West Upper Tier","West40","AA","1","176.34"
"05-27-24 / 03:31 PM","East Upper Tier","East22","V","2","412.83"
"05-27-24 / 03:31 PM","West Upper Tier","West38","SS","2","272.51"
"05-27-24 / 11:32 AM","East Upper Tier","East12","M","2","425.28"
"05-27-24 / 11:32 AM","Floor","General Admission","","2","530.43"
"05-27-24 / 08:11 AM","West Upper Tier","West40","BB","1","233.82"
"05-27-24 / 04:24 AM","North Upper Tier","North18","DD","1","164.79"
"05-27-24 / 04:24 AM","South Lower Tier","South5","Q","1","532.96"
"05-27-24 / 04:24 AM","West Lower Tier","West7","O","1","370"
"05-26-24 / 11:58 PM","North Upper Tier","North18","FF","2","257.24"
"05-26-24 / 11:58 PM","West Upper Tier","West40","O","2","243.74"
"05-26-24 / 11:58 PM","Floor","General Admission","","2","413.85"
"05-26-24 / 11:58 PM","North Upper Tier","North18","X","4","294.05"
"05-26-24 / 07:32 PM","South Upper Tier","South16","PP","2","482.85"
"05-26-24 / 07:32 PM","West Lower Tier","West33","V","2","264.49"
"05-26-24 / 07:32 PM","North Upper Tier","North8","P","4","249.28"
"05-26-24 / 07:32 PM","North Upper Tier","North18","BB","1","280.57"
"05-26-24 / 07:32 PM","North Upper Tier","North18","U","1","270.81"
"05-26-24 / 07:32 PM","North Upper Tier","North18","CC","2","243.98"
"05-26-24 / 07:32 PM","South Upper Tier","South4","EE","2","363.02"
"05-26-24 / 07:31 PM","West Lower Tier","West33","X","2","263.45"
"05-26-24 / 07:31 PM","Floor","General Admission","","1","353.68"
"05-26-24 / 07:31 PM","North Upper Tier","North20","Q","1","176.81"
"05-26-24 / 07:31 PM","Floor","General Admission","","2","311.16"
"05-26-24 / 07:31 PM","West Lower Tier","West31","U","1","204.81"
"05-26-24 / 07:31 PM","West Lower Tier","West1","K","1","342.28"
"05-26-24 / 03:13 PM","Floor","General Admission","","2","354.98"
"05-26-24 / 03:13 PM","West Upper Tier","West38","Z","2","259.3"
"05-26-24 / 03:13 PM","North Upper Tier","North18","BB","2","237.52"
"05-26-24 / 03:13 PM","North Upper Tier","North18","DD","4","256.39"
"05-26-24 / 03:13 PM","West Upper Tier","West40","EE","2","286.23"
"05-26-24 / 03:13 PM","North Upper Tier","North18","EE","4","266.35"
"05-26-24 / 03:13 PM","West Upper Tier","West8","LL","2","525.61"
"05-26-24 / 03:13 PM","Floor","General Admission","","2","354.76"
"05-26-24 / 03:13 PM","West Upper Tier","West40","DD","4","248.93"
"05-26-24 / 11:18 AM","Floor","General Admission","","2","518.6"
"05-26-24 / 11:18 AM","North Upper Tier","North20","T","2","246.85"
"05-26-24 / 11:18 AM","North Upper Tier","North18","K","2","248.93"
"05-26-24 / 11:18 AM","East Upper Tier","East14","Q","1","317.17"
"05-26-24 / 11:18 AM","West Lower Tier","West33","EE","1","176.32"
"05-26-24 / 11:18 AM","South Lower Tier","South5","S","1","476.31"
"05-26-24 / 11:18 AM","West Upper Tier","West28","","4","622.32"
"05-26-24 / 07:18 AM","North Upper Tier","North20","AA","2","235.45"
"05-26-24 / 07:18 AM","East Lower Tier","East9","V","1","1037.2"
"05-26-24 / 03:23 AM","West Lower Tier","West13","HH","2","641.25"
"05-25-24 / 10:51 PM","East Upper Tier","East16","X","1","363.02"
"05-25-24 / 10:51 PM","North Upper Tier","North20","P","2","233.37"
"05-25-24 / 10:51 PM","North Upper Tier","North18","DD","4","212.03"
"05-25-24 / 10:51 PM","West Upper Tier","West40","CC","4","215.73"
"05-25-24 / 10:51 PM","South Lower Tier","South7","GG","2","497.29"
"05-25-24 / 06:15 PM","West Lower Tier","West33","GG","1","259.3"
"05-25-24 / 06:15 PM","West Upper Tier","West38","PP","4","238.4"
"05-25-24 / 06:15 PM","West Upper Tier","West36","NN","1","202.25"
"05-25-24 / 01:56 PM","West Lower Tier","West33","KK","2","518.6"
"05-25-24 / 01:56 PM","West Lower Tier","West33","T","2","315.36"
"05-25-24 / 01:56 PM","West Upper Tier","West38","O","2","360.94"
"05-25-24 / 01:56 PM","North Upper Tier","North18","AA","2","243.96"
"05-25-24 / 01:56 PM","West Upper Tier","West26","QQ","2","530.39"
"05-25-24 / 01:56 PM","West Upper Tier","West36","T","2","311.16"
"05-25-24 / 01:56 PM","West Upper Tier","West40","EE","2","219.97"
"05-25-24 / 01:56 PM","North Upper Tier","North18","BB","4","237.6"
"05-25-24 / 01:56 PM","North Upper Tier","North18","Q","2","221.07"
"05-25-24 / 01:56 PM","North Upper Tier","North20","S","3","228.18"
"05-25-24 / 01:56 PM","North Upper Tier","North18","O","4","215.62"
"05-25-24 / 01:56 PM","Floor","General Admission","","2","703.41"
"05-25-24 / 01:55 PM","West Lower Tier","West5","F","1","370.64"
"05-25-24 / 01:55 PM","South Upper Tier","South2","D","2","446"
"05-25-24 / 05:33 AM","North Upper Tier","North18","P","3","212.8"
"05-25-24 / 05:33 AM","North Upper Tier","North18","U","3","229.34"
"05-25-24 / 05:33 AM","West Upper Tier","West40","GG","3","239.42"
"05-25-24 / 05:33 AM","West Upper Tier","West40","FF","2","248.72"
"05-25-24 / 05:33 AM","North Upper Tier","North18","GG","2","201.46"
"05-25-24 / 05:33 AM","North Upper Tier","North20","CC","2","225"
"05-25-24 / 05:33 AM","West Upper Tier","West40","NN","2","199.15"
"05-25-24 / 05:33 AM","West Lower Tier","West33","DD","1","185.96"
"05-24-24 / 08:56 PM","East Upper Tier","East20","E","3","619.86"
"05-24-24 / 08:56 PM","Floor","General Admission","","2","366.75"
"05-24-24 / 08:56 PM","North Upper Tier","North20","AA","2","222.12"
"05-24-24 / 08:56 PM","North Upper Tier","North20","Q","1","202.59"
"05-24-24 / 08:56 PM","Floor","General Admission","","2","464.9"
"05-24-24 / 08:56 PM","West Upper Tier","West36","T","2","464.9"
"05-24-24 / 08:56 PM","Floor","General Admission","","4","609.53"
"05-24-24 / 08:56 PM","Floor","General Admission","","2","388.72"
"05-24-24 / 02:23 PM","West Upper Tier","West6","UU","1","309.93"
"05-24-24 / 02:23 PM","West Upper Tier","West20","UU","1","329.53"
"05-24-24 / 02:23 PM","Floor","General Admission","","1","374.16"
"05-24-24 / 02:23 PM","North Upper Tier","North20","P","1","246.36"
"05-24-24 / 02:23 PM","West Lower Tier","West1","KK","2","542.38"
"05-24-24 / 02:23 PM","West Upper Tier","West4","BB","2","413.24"
"05-24-24 / 02:23 PM","West Lower Tier","West1","EE","2","649.89"
"05-24-24 / 02:23 PM","West Lower Tier","West3","G","1","433.91"
"05-24-24 / 02:23 PM","West Lower Tier","West1","JJ","1","344.02"
"05-24-24 / 02:23 PM","West Upper Tier","West34","Y","1","271.88"
"05-24-24 / 02:23 PM","West Upper Tier","West2","FF","2","436.54"
"05-24-24 / 02:23 PM","Floor","General Admission","","2","377.96"
"05-24-24 / 08:36 AM","West Upper Tier","West26","WW","2","595.65"
"05-24-24 / 08:36 AM","West Upper Tier","West20","UU","1","351.5"
"05-24-24 / 08:36 AM","West Upper Tier","West32","AA","2","380.18"
"05-24-24 / 08:36 AM","West Lower Tier","West1","F","2","570.76"
"05-24-24 / 08:36 AM","West Upper Tier","West10","QQ","2","529.73"
"05-23-24 / 06:43 PM","West Upper Tier","West6","WW","4","517.96"
"05-23-24 / 06:43 PM","South Lower Tier","South11","X","2","540.33"
"05-23-24 / 06:43 PM","South Upper Tier","South4","Y","2","434.37"
"05-23-24 / 12:20 PM","East Upper Tier","East20","K","1","350.72"
"05-23-24 / 12:20 PM","East Upper Tier","East6","Z","1","362.1"
"05-23-24 / 12:20 PM","West Upper Tier","West4","EE","2","413.83"
"05-23-24 / 12:20 PM","East Upper Tier","East20","V","2","774.89"
"05-23-24 / 12:20 PM","West Lower Tier","West15","Row","2","574.92"
"05-23-24 / 12:20 PM","West Upper Tier","West16","OO","2","676.29"
"05-22-24 / 10:08 PM","South Upper Tier","South6","A","2","624.27"
"05-22-24 / 03:40 PM","Floor","General Admission","","1","438.11"
"05-22-24 / 03:40 PM","East Upper Tier","East6","F","2","512.11"
"05-22-24 / 03:40 PM","West Upper Tier","West34","HH","1","265.36"
"05-22-24 / 09:48 AM","West Lower Tier","West3","LL","1","382.79"
"05-22-24 / 09:48 AM","East Upper Tier","East6","M","2","439.69"
"05-22-24 / 02:31 AM","Floor","General Admission","","1","439.12"
"05-22-24 / 02:31 AM","West Lower Tier","West23","L","1","941.71"
"05-21-24 / 07:33 PM","West Upper Tier","West32","AA","2","420.88"
"05-21-24 / 07:33 PM","West Upper Tier","West4","FF","2","460.28"
"05-21-24 / 07:33 PM","Floor","General Admission","","1","407.63"
"05-21-24 / 07:33 PM","South Upper Tier","South8","GG","1","330.69"
"05-21-24 / 07:33 PM","West Lower Tier","West1","GG","2","724.32"
"05-21-24 / 07:33 PM","East Upper Tier","East2","","1","362.11"
"05-21-24 / 07:33 PM","South Upper Tier","South8","U","1","270.4"
"05-21-24 / 07:33 PM","East Upper Tier","East6","Q","1","362.42"
"05-21-24 / 07:33 PM","Front Standing","Front Standing","","2","455.22"
"05-21-24 / 07:33 PM","West Lower Tier","West25","L","3","988.85"
"05-21-24 / 01:01 PM","Floor","General Admission","","2","424.18"
"05-21-24 / 01:01 PM","East Upper Tier","East16","V","1","310.02"
"05-21-24 / 01:01 PM","East Upper Tier","East20","E","4","775.94"
"05-21-24 / 01:01 PM","South Lower Tier","South3","T","1","362.11"
"05-21-24 / 01:01 PM","South Upper Tier","South2","L","4","724.22"
"05-21-24 / 01:01 PM","West Upper Tier","West20","UU","1","483.31"
"05-21-24 / 05:49 AM","South Upper Tier","South10","VV","2","537.91"
"05-20-24 / 10:29 PM","East Lower Tier","East11","S","2","1873.12"
"05-20-24 / 10:29 PM","Floor","General Admission","","2","464.47"
"05-20-24 / 10:29 PM","South Upper Tier","South14","PP","2","473.96"
"05-20-24 / 10:29 PM","West Upper Tier","West30","HH","2","572.39"
"05-20-24 / 10:29 PM","West Upper Tier","West8","CC","2","528.39"
"05-20-24 / 10:29 PM","West Lower Tier","West5","LL","1","393.09"
"05-20-24 / 03:43 PM","West Upper Tier","West12","Y","2","827.55"
"05-20-24 / 03:43 PM","West Upper Tier","West10","Y","2","471.28"
"05-20-24 / 03:43 PM","East Lower Tier","East9","J","4","1655.75"
"05-20-24 / 03:43 PM","West Upper Tier","West24","VV","2","479.8"
"05-20-24 / 03:43 PM","West Upper Tier","West4","N","2","525.38"
"05-20-24 / 03:43 PM","West Upper Tier","West38","Y","1","283.07"
"05-20-24 / 10:04 AM","East Upper Tier","East6","Y","4","662.04"
"05-20-24 / 10:04 AM","West Upper Tier","West4","SS","1","305.18"
"05-19-24 / 08:13 PM","West Upper Tier","West4","S","1","317.37"
"05-19-24 / 02:03 PM","East Upper Tier","East12","T","2","459.69"
"05-19-24 / 02:03 PM","South Upper Tier","South8","Y","1","470.08"
"05-19-24 / 02:03 PM","West Upper Tier","West36","LL","1","258.55"
"05-19-24 / 02:03 PM","West Upper Tier","West4","LL","4","512.95"
"05-19-24 / 02:03 PM","South Lower Tier","South5","P","4","779.78"
"05-19-24 / 08:19 AM","West Upper Tier","West8","TT","2","465.38"
"05-19-24 / 08:19 AM","East Upper Tier","East18","J","2","587.21"
"05-19-24 / 08:19 AM","South Upper Tier","South12","GG","2","481.25"
"05-19-24 / 01:27 AM","South Upper Tier","South18","DD","2","458.14"
"05-19-24 / 01:27 AM","West Lower Tier","West17","KK","2","951.92"
"05-18-24 / 06:45 PM","South Upper Tier","South6","A","2","740.38"
"05-18-24 / 06:45 PM","West Lower Tier","West3","LL","1","465.38"
"05-18-24 / 06:45 PM","West Upper Tier","West26","MM","2","618.44"
"05-18-24 / 12:36 PM","East Lower Tier","East17","D","1","874.12"
"05-18-24 / 12:36 PM","South Upper Tier","South2","Z","1","330.94"
"05-18-24 / 12:36 PM","East Upper Tier","East6","K","2","765.3"
"05-18-24 / 12:36 PM","West Lower Tier","West5","W","1","475.73"
"05-18-24 / 05:36 AM","West Upper Tier","West36","T","2","463.56"
"05-18-24 / 05:36 AM","East Upper Tier","East6","D","1","351.18"
"05-18-24 / 05:36 AM","West Lower Tier","West29","Z","2","566.57"
"05-18-24 / 05:36 AM","West Lower Tier","West29","DD","1","468.24"
"05-17-24 / 09:57 PM","East Upper Tier","East8","A","2","621.62"
"05-17-24 / 09:57 PM","East Upper Tier","East14","W","1","570.26"
"05-17-24 / 09:57 PM","East Upper Tier","East12","Z","2","575.74"
"05-17-24 / 02:32 PM","South Lower Tier","South7","X","2","412.05"
"05-17-24 / 02:32 PM","South Upper Tier","South12","DD","3","599.4"
"05-17-24 / 02:32 PM","Floor","General Admission","","2","514.04"
"05-17-24 / 02:32 PM","West Upper Tier","West24","Z","1","409.71"
"05-17-24 / 02:32 PM","West Upper Tier","West12","OO","4","498.58"
"05-17-24 / 02:32 PM","South Upper Tier","South6","FF","2","566.57"
"05-17-24 / 02:32 PM","South Upper Tier","South4","GG","4","474.09"
"05-17-24 / 02:32 PM","West Upper Tier","West36","SS","1","398.66"
"05-17-24 / 07:46 AM","Floor","General Admission","","1","515.37"
"05-17-24 / 07:46 AM","East Lower Tier","East9","Y","1","826.23"
"05-16-24 / 11:44 PM","West Upper Tier","West6","NN","2","459.59"
"05-16-24 / 11:44 PM","Floor","General Admission","","1","398.75"
"05-16-24 / 11:44 PM","West Lower Tier","West29","W","2","528.79"
"05-16-24 / 11:44 PM","West Lower Tier","West3","QQ","1","348.56"
"05-16-24 / 04:25 PM","Front Standing","Right","","1","501.56"
"05-16-24 / 04:25 PM","South Upper Tier","South8","TT","2","528.59"
"05-16-24 / 04:25 PM","West Lower Tier","West17","D","2","981.29"
"05-16-24 / 04:25 PM","West Lower Tier","West1","K","2","516.39"
"05-16-24 / 04:25 PM","South Lower Tier","South5","O","1","407.11"
"05-16-24 / 04:25 PM","West Lower Tier","West3","OO","2","511.22"
"05-16-24 / 10:16 AM","West Upper Tier","West18","FF","2","504.58"
"05-16-24 / 10:16 AM","West Lower Tier","West9","V","1","464.75"
"05-16-24 / 02:45 AM","Front Standing","Right","","2","485.5"
"05-16-24 / 02:45 AM","West Lower Tier","West17","JJ","1","629.04"
"05-15-24 / 07:35 PM","Floor","General Admission","","4","712.44"
"05-15-24 / 07:35 PM","West Lower Tier","West29","S","2","532.8"
"05-15-24 / 07:35 PM","West Lower Tier","West3","LL","1","492.05"
"05-15-24 / 01:04 PM","Floor","General Admission","","2","441.5"
"05-15-24 / 01:04 PM","South Upper Tier","South6","M","1","348.53"
"05-15-24 / 01:04 PM","West Lower Tier","West31","FF","2","471.64"
"05-15-24 / 01:04 PM","East Upper Tier","East20","E","4","1025.09"
"05-15-24 / 01:04 PM","South Lower Tier","South7","T","4","768.82"
"05-15-24 / 01:04 PM","South Lower Tier","South5","LL","2","583.3"
"05-15-24 / 01:04 PM","West Lower Tier","West5","Row","2","554.14"
"05-15-24 / 01:04 PM","Floor","General Admission","","2","425.41"
"05-15-24 / 01:04 PM","Floor","General Admission","","1","439.25"
"05-15-24 / 07:16 AM","West Upper Tier","West36","UU","2","464.96"
"05-15-24 / 12:34 AM","East Upper Tier","East12","M","2","510.94"
"05-15-24 / 12:34 AM","South Upper Tier","South14","BB","2","510.94"
"05-14-24 / 06:10 PM","South Lower Tier","South3","F","2","562.04"
"05-14-24 / 06:10 PM","West Lower Tier","West21","V","2","1229.12"
"05-14-24 / 06:10 PM","South Upper Tier","South16","V","2","503.32"
"05-14-24 / 06:10 PM","Floor","General Admission","","4","415.42"
"05-14-24 / 12:23 PM","Front Standing","Left","","2","478.01"
"05-14-24 / 12:23 PM","West Lower Tier","West17","D","2","975.92"
"05-14-24 / 12:23 PM","Front Standing","Right","","2","478.01"
"05-14-24 / 12:23 PM","West Lower Tier","West23","BB","4","1016.78"
"05-14-24 / 06:19 AM","South Lower Tier","South9","KK","2","581.11"
"05-14-24 / 06:19 AM","West Lower Tier","West3","NN","2","526.6"
"05-14-24 / 06:19 AM","West Upper Tier","West6","AA","1","580.03"
"05-14-24 / 06:19 AM","West Upper Tier","West4","GG","2","592.42"
"05-13-24 / 10:58 PM","Floor","General Admission","","2","621.86"
"05-13-24 / 10:58 PM","South Lower Tier","South17","CC","1","509.75"
"05-13-24 / 10:58 PM","West Lower Tier","West5","Y","1","509.75"
"05-13-24 / 04:51 PM","Front Standing","Left","","2","497.33"
"05-13-24 / 04:51 PM","South Upper Tier","South16","UU","4","521.33"
"05-13-24 / 11:48 AM","East Lower Tier","East7","T","3","1560.94"
"05-13-24 / 11:48 AM","Floor","General Admission","","2","393.89"
"05-13-24 / 11:48 AM","South Upper Tier","South8","Z","3","662.67"
"05-13-24 / 11:48 AM","West Lower Tier","West3","Row","2","488.75"
"05-13-24 / 11:48 AM","West Upper Tier","West8","DD","4","484.04"
"05-13-24 / 11:48 AM","South Lower Tier","South15","LL","4","728.82"
"05-12-24 / 11:40 PM","South Lower Tier","South11","M","1","760.04"
"05-12-24 / 11:40 PM","Floor","General Admission","","2","424.58"
"05-12-24 / 05:32 PM","Floor","General Admission","","2","441.22"
"05-12-24 / 05:32 PM","South Upper Tier","South8","UU","4","634.51"
"05-12-24 / 05:32 PM","West Lower Tier","West25","D","2","878.75"
"05-12-24 / 05:32 PM","South Upper Tier","South6","P","1","356.81"
"05-12-24 / 05:32 PM","South Upper Tier","South2","H","2","463.85"
"05-12-24 / 05:32 PM","South Upper Tier","South6","M","1","336.42"
"05-12-24 / 05:32 PM","West Lower Tier","West25","X","4","913.89"
"05-12-24 / 05:32 PM","South Upper Tier","South18","HH","2","519.92"
"05-12-24 / 05:32 PM","Floor","General Admission","","1","642.26"
"05-12-24 / 05:32 PM","West Lower Tier","West11","NN","2","508.71"
"05-12-24 / 06:23 AM","West Lower Tier","West9","KK","4","503.66"
"05-12-24 / 06:23 AM","West Lower Tier","West7","EE","2","486.91"
"05-12-24 / 06:23 AM","West Lower Tier","West3","CC","1","445.68"
"05-12-24 / 06:23 AM","West Upper Tier","West2","NN","2","502.57"
"05-12-24 / 06:23 AM","West Lower Tier","West11","V","2","508.79"
"05-12-24 / 12:15 AM","East Upper Tier","East22","M","1","474.12"
"05-12-24 / 12:14 AM","West Lower Tier","West13","GG","1","482.02"
"05-11-24 / 05:55 PM","West Lower Tier","West1","U","1","564.87"
"05-11-24 / 05:25 AM","Floor","General Admission","","2","407.49"
"05-11-24 / 05:25 AM","West Upper Tier","West12","TT","1","392.2"
"05-11-24 / 05:25 AM","West Lower Tier","West17","HH","1","478.78"
"05-11-24 / 05:25 AM","West Upper Tier","West10","UU","1","346.36"
"05-10-24 / 10:01 PM","West Lower Tier","West19","GG","1","505.77"
"05-10-24 / 10:01 PM","East Upper Tier","East6","P","1","445.28"
"05-10-24 / 10:01 PM","West Upper Tier","West18","GG","2","484.04"
"05-10-24 / 10:01 PM","East Upper Tier","East14","V","2","521.07"
"05-10-24 / 10:01 PM","East Lower Tier","East15","U","1","615.81"
"05-10-24 / 10:01 PM","West Lower Tier","West15","MM","2","606.35"
"05-10-24 / 02:46 PM","West Lower Tier","West5","AA","1","483"
"05-10-24 / 02:46 PM","West Lower Tier","West5","H","2","506.38"
"05-10-24 / 02:46 PM","West Lower Tier","West19","G","2","1017.5"
"05-10-24 / 02:46 PM","West Lower Tier","West31","JJ","2","610.1"
"05-10-24 / 02:46 PM","West Upper Tier","West20","DD","2","508.42"
"05-10-24 / 02:46 PM","South Lower Tier","South7","R","1","1016.84"
"05-10-24 / 02:46 PM","West Upper Tier","West32","LL","3","688.53"
"05-10-24 / 02:46 PM","Floor","General Admission","","1","406.74"
"05-10-24 / 02:46 PM","West Upper Tier","West8","MM","1","414.58"
"05-10-24 / 02:46 PM","West Lower Tier","West25","D","2","878.75"
"05-09-24 / 10:48 PM","Floor","General Admission","","2","664.26"
"05-09-24 / 10:48 PM","South Lower Tier","South13","Y","1","910.07"
"05-09-24 / 10:48 PM","Floor","General Admission","","1","438.82"
"05-09-24 / 10:48 PM","Floor","General Admission","","2","432.16"
"05-09-24 / 10:48 PM","South Upper Tier","South2","AA","2","488.08"
"05-09-24 / 10:48 PM","Floor","General Admission","","2","559.26"
"05-09-24 / 10:48 PM","West Lower Tier","West21","X","2","1003.86"
"05-09-24 / 10:48 PM","West Upper Tier","West4","WW","1","742.83"
"05-09-24 / 10:48 PM","West Lower Tier","West23","L","2","1220.21"
"05-09-24 / 10:48 PM","West Lower Tier","West19","G","2","1017.5"
"05-09-24 / 10:48 PM","West Lower Tier","West27","W","1","966"
"05-09-24 / 06:41 AM","East Upper Tier","East12","E","2","623.72"
"05-09-24 / 06:41 AM","West Lower Tier","West17","JJ","2","762.33"
"05-09-24 / 06:41 AM","South Lower Tier","South9","FF","2","660.68"
"05-09-24 / 06:41 AM","South Upper Tier","South8","LL","1","349.26"
"05-08-24 / 09:58 PM","South Upper Tier","South6","FF","2","599.7"
"05-08-24 / 09:58 PM","West Lower Tier","West29","S","2","532.8"
"05-08-24 / 09:58 PM","West Upper Tier","West24","TT","1","609.86"
"05-08-24 / 09:58 PM","South Upper Tier","South18","O","2","486.32"
"05-08-24 / 09:58 PM","West Lower Tier","West7","EE","2","616.05"
"05-08-24 / 07:50 AM","Front Standing","Front Standing","","2","687.19"
"05-08-24 / 07:50 AM","West Upper Tier","West10","QQ","2","870.92"
"05-07-24 / 04:25 PM","Floor","General Admission","","2","429.5"
"05-07-24 / 02:23 AM","East Upper Tier","East6","X","2","592"
"05-07-24 / 02:23 AM","East Upper Tier","East10","G","1","490.1"
"05-06-24 / 10:16 AM","Floor","General Admission","","2","497.64"
"05-06-24 / 10:16 AM","Floor","General Admission","","2","434.1"
"05-06-24 / 10:16 AM","Floor","General Admission","","3","776.27"
"05-06-24 / 10:16 AM","South Upper Tier","South20","GG","2","524.73"
"05-05-24 / 09:07 PM","South Upper Tier","South10","S","2","609.59"
"05-05-24 / 09:07 PM","South Upper Tier","South4","S","2","485.17"
"05-05-24 / 09:07 PM","West Lower Tier","West5","Y","2","689.45"
"05-05-24 / 02:37 AM","West Lower Tier","West27","F","2","612.84"
"05-05-24 / 02:37 AM","Floor","General Admission","","3","714.99"
"05-05-24 / 02:37 AM","West Lower Tier","West3","JJ","1","408.56"
"05-04-24 / 03:53 PM","Floor","General Admission","","2","638.36"
"05-03-24 / 07:29 PM","West Lower Tier","West3","QQ","2","514.84"
"05-03-24 / 09:38 AM","West Lower Tier","West17","G","2","612.16"
"05-02-24 / 09:32 PM","West Lower Tier","West5","PP","4","566.1"
"05-01-24 / 08:28 PM","South Upper Tier","South12","GG","2","591.88"
"05-01-24 / 12:47 PM","South Upper Tier","South20","JJ","1","452.83"
"05-01-24 / 12:47 PM","East Upper Tier","East18","T","1","456.89"
"04-30-24 / 08:52 PM","East Lower Tier","East17","V","1","1685.81"
"04-30-24 / 08:52 PM","West Upper Tier","West18","SS","2","1236.26"
"04-30-24 / 08:52 PM","South Lower Tier","South11","KK","2","1068.1"
"04-30-24 / 08:52 PM","West Lower Tier","West3","CC","1","1123.88"
"04-30-24 / 08:52 PM","South Upper Tier","South4","J","2","899.1"
"04-30-24 / 08:52 PM","East Upper Tier","East6","P","1","764.24"
"04-30-24 / 08:52 PM","South Upper Tier","South18","EE","1","730.94"
"04-30-24 / 08:52 PM","South Upper Tier","South6","MM","1","674.32"
"04-30-24 / 08:52 PM","West Upper Tier","West12","X","1","674.32"
"04-30-24 / 01:34 PM","West Upper Tier","West24","VV","2","606.06"
"04-29-24 / 10:12 PM","East Lower Tier","East7","L","3","898.47"
"04-29-24 / 10:12 PM","West Lower Tier","West3","FF","1","382.96"
"04-29-24 / 02:54 PM","East Lower Tier","East11","O","4","1012.8"
"04-29-24 / 02:54 PM","West Upper Tier","West10","DD","2","510.49"
"04-29-24 / 02:54 PM","West Upper Tier","West14","U","2","608.29"
"04-29-24 / 10:56 AM","West Upper Tier","West8","WW","1","389.33"
"04-29-24 / 04:32 AM","South Upper Tier","South4","Y","2","535.41"
"04-27-24 / 05:53 PM","West Lower Tier","West5","Y","2","686.15"
"04-26-24 / 10:30 PM","East Lower Tier","East15","T","4","610.54"
"04-26-24 / 05:27 PM","Floor","General Admission","","2","503.7"
"04-26-24 / 05:27 PM","West Upper Tier","West16","UU","2","539.31"
"04-26-24 / 05:27 PM","Floor","General Admission","","2","520.35"
"04-26-24 / 02:38 AM","East Upper Tier","East14","J","2","1153.87"
"04-26-24 / 02:38 AM","East Upper Tier","East8","B","2","559.02"
"04-25-24 / 08:55 AM","Front Standing","Left","","2","652.91"
"04-24-24 / 10:23 AM","Floor","General Admission","","2","552.02"
"04-23-24 / 06:53 PM","West Lower Tier","West7","EE","2","616.05"
"04-23-24 / 12:22 PM","East Lower Tier","East17","W","2","1774.08"
"04-23-24 / 12:22 PM","West Lower Tier","West29","Y","2","580.25"
"04-22-24 / 07:45 PM","Floor","General Admission","","2","504.1"
"04-22-24 / 07:45 PM","East Lower Tier","East7","J","2","1008.2"
"04-22-24 / 07:45 PM","Floor","General Admission","","4","773.34"
"04-22-24 / 07:45 PM","South Upper Tier","South20","WW","1","510.47"
"04-22-24 / 12:23 PM","South Upper Tier","South16","R","2","604.92"
"04-22-24 / 04:47 AM","West Upper Tier","West16","S","2","568.6"
"04-22-24 / 04:47 AM","South Lower Tier","South1","V","2","704.79"
"04-21-24 / 08:57 PM","East Upper Tier","East12","B","2","665.54"
"04-21-24 / 08:57 PM","South Upper Tier","South14","PP","2","597.24"
"04-21-24 / 01:55 PM","Floor","General Admission","","1","684.5"
"04-20-24 / 09:07 AM","Floor","General Admission","","1","496.05"
"04-20-24 / 09:07 AM","Floor","General Admission","","2","496.92"
"04-20-24 / 09:07 AM","West Upper Tier","West26","QQ","2","504.47"
"04-19-24 / 04:30 PM","Floor","General Admission","","1","404.38"
"04-19-24 / 04:30 PM","East Lower Tier","East9","V","4","1447.5"
"04-19-24 / 09:12 AM","East Upper Tier","East16","Z","4","499.83"
"04-19-24 / 09:12 AM","South Upper Tier","South8","Row","2","558.23"
"04-19-24 / 12:13 AM","Floor","General Admission","","2","507.55"
"04-19-24 / 12:13 AM","West Lower Tier","West9","L","2","687.35"
"04-18-24 / 03:44 PM","South Upper Tier","South4","KK","2","477.56"
"04-18-24 / 03:44 PM","West Upper Tier","West Upper Tier","","1","693.7"
"04-17-24 / 04:54 PM","West Upper Tier","West10","Y","1","381.45"
"04-17-24 / 04:54 PM","South Upper Tier","South14","W","1","455.31"
"04-17-24 / 12:33 AM","West Upper Tier","West4","GG","4","499.04"
"04-16-24 / 06:40 PM","West Lower Tier","West17","D","4","1143.76"
"04-16-24 / 06:40 PM","South Upper Tier","South16","V","4","605.29"
"04-16-24 / 06:40 PM","West Upper Tier","West14","U","2","500.12"
"04-16-24 / 06:40 PM","West Upper Tier","West20","UU","1","474.81"
"04-16-24 / 06:40 PM","Floor","General Admission","","2","502"
"04-16-24 / 10:37 AM","West Lower Tier","West31","Z","3","912.82"
"04-15-24 / 05:00 PM","West Upper Tier","West18","X","2","811.4"
"04-15-24 / 05:00 PM","West Upper Tier","West24","UU","1","425.98"
"04-15-24 / 05:00 PM","West Lower Tier","West5","AA","1","496.98"
"04-14-24 / 10:53 AM","Floor","General Admission","","2","496.05"
"04-13-24 / 06:31 PM","West Lower Tier","West3","RR","3","485.62"
"04-13-24 / 06:31 PM","South Upper Tier","South12","p","1","405.6"
"04-13-24 / 09:36 AM","Floor","General Admission","","1","474.8"
"04-13-24 / 09:36 AM","Floor","General Admission","","1","433.74"
"04-12-24 / 11:54 PM","West Upper Tier","West36","BB","1","336.79"
"04-10-24 / 05:02 PM","East Lower Tier","East17","R","2","2211"
"04-10-24 / 05:02 PM","Front Standing","Left","","1","539.95"
"04-10-24 / 05:02 PM","Floor","General Admission","","4","635.67"
"04-10-24 / 09:05 AM","West Upper Tier","West36","DD","4","494.53"
"04-09-24 / 11:01 PM","East Lower Tier","East9","L","4","1369.78"
"04-09-24 / 11:01 PM","South Upper Tier","South14","V","2","778.56"
"04-09-24 / 11:01 PM","South Upper Tier","South4","FF","2","525.43"
"04-09-24 / 02:36 PM","West Lower Tier","West5","V","2","535.74"
"04-09-24 / 07:32 AM","Front Standing","Right","","3","534.79"
"04-09-24 / 07:32 AM","South Upper Tier","South8","VV","2","499.42"
"04-09-24 / 02:39 AM","Front Standing","Left","","2","448.89"
"04-09-24 / 02:39 AM","West Lower Tier","West1","L","4","698.6"
"04-09-24 / 02:39 AM","West Upper Tier","West24","AA","1","514.02"
"04-08-24 / 05:21 PM","West Lower Tier","West3","D","4","696.22"
"04-08-24 / 09:10 AM","Front Standing","Right","","2","443.93"
"04-07-24 / 08:46 PM","West Upper Tier","West18","GG","2","584.86"
"04-06-24 / 07:01 PM","West Upper Tier","West20","UU","1","524.88"
"04-06-24 / 02:15 PM","Front Standing","Right","","2","502.25"
"04-06-24 / 02:15 PM","Front Standing","Front Standing","","1","1130.5"
"04-05-24 / 02:21 PM","Floor","General Admission","","2","566.65"
"04-05-24 / 05:09 AM","Floor","General Admission","","1","1390.39"
"04-05-24 / 05:09 AM","Floor","General Admission","","1","521.05"
"04-05-24 / 05:09 AM","West Lower Tier","West5","Y","1","700.35"
"04-04-24 / 07:51 PM","Floor","General Admission","","1","518"
"04-04-24 / 07:51 PM","West Lower Tier","West11","NN","4","719.92"
"04-04-24 / 07:51 PM","West Lower Tier","West5","H","1","823.94"
"04-04-24 / 12:08 PM","West Lower Tier","West21","O","2","1338.9"
"04-03-24 / 09:37 AM","East Lower Tier","East5","K","2","2340.34"
"04-03-24 / 09:37 AM","Floor","General Admission","","1","562.28"
"04-03-24 / 09:37 AM","East Lower Tier","East3","H","2","923.29"
"04-03-24 / 09:37 AM","West Lower Tier","West1","RR","4","688.71"
"04-03-24 / 09:37 AM","East Upper Tier","East2","X","1","441.58"
"04-02-24 / 02:21 PM","East Upper Tier","East20","","2","706.52"
"04-02-24 / 05:36 AM","East Upper Tier","East10","J","1","622.39"
"04-02-24 / 05:36 AM","West Upper Tier","West20","V","1","622.39"
"04-01-24 / 09:01 PM","Floor","General Admission","","2","614.54"
"04-01-24 / 02:04 PM","South Upper Tier","South4","JJ","2","579.7"
"03-31-24 / 05:45 PM","South Lower Tier","South9","AA","1","568.06"
"03-30-24 / 06:34 PM","West Upper Tier","West28","GG","4","630.92"
"03-30-24 / 06:34 PM","South Lower Tier","South5","P","4","850.43"
"03-30-24 / 06:34 PM","South Upper Tier","South16","QQ","2","630.92"
"03-30-24 / 06:34 PM","West Lower Tier","West5","Z","4","770.6"
"03-30-24 / 03:16 PM","West Lower Tier","West1","O","1","618.19"
"03-30-24 / 09:16 AM","West Lower Tier","West29","AA","2","722.02"
"03-29-24 / 07:40 PM","Floor","General Admission","","2","602.57"
"03-29-24 / 02:51 AM","Floor","General Admission","","1","549.05"
"03-29-24 / 02:51 AM","West Lower Tier","West23","J","1","1130.99"
"03-28-24 / 11:06 PM","East Upper Tier","East16","J","2","749.74"
"03-28-24 / 12:37 AM","West Lower Tier","West3","CC","2","1538.84"
"03-27-24 / 06:28 PM","Floor","General Admission","","3","600.63"
"03-27-24 / 12:39 PM","West Lower Tier","West1","U","1","738.46"
"03-27-24 / 12:46 AM","South Upper Tier","South8","U","1","1646.47"
"03-27-24 / 12:46 AM","West Upper Tier","West34","RR","6","573.57"
"03-26-24 / 06:11 PM","South Lower Tier","South13","AA","4","934.33"
"03-25-24 / 04:06 PM","Front Standing","Right","","3","665.98"
"03-25-24 / 10:24 AM","Floor","General Admission","","2","820.58"
"03-24-24 / 07:12 PM","Front Standing","Right","","3","753.9"
"03-24-24 / 10:40 AM","West Upper Tier","West36","DD","4","558"
"03-24-24 / 05:07 AM","West Lower Tier","West19","G","2","1202.5"
"03-23-24 / 10:22 PM","South Upper Tier","South2","L","3","595.71"
"03-22-24 / 12:40 PM","West Upper Tier","West20","UU","1","531.21"
"03-22-24 / 05:48 AM","East Upper Tier","East16","Q","2","768.99"
"03-22-24 / 05:48 AM","Front Standing","Right","","2","602.37"
"03-21-24 / 10:20 PM","Floor","General Admission","","2","623.48"
"03-21-24 / 02:05 AM","West Lower Tier","West31","AA","2","708.44"
"03-20-24 / 12:19 PM","East Upper Tier","East6","X","4","764.89"
"03-20-24 / 12:19 PM","West Lower Tier","West25","X","4","1340.07"
"03-20-24 / 12:19 PM","South Lower Tier","South9","OO","4","893.01"
"03-20-24 / 05:12 AM","Floor","General Admission","","2","619.23"
"03-19-24 / 03:20 PM","South Upper Tier","South14","HH","1","621.13"
"03-19-24 / 09:54 AM","East Upper Tier","East20","Row","2","632.16"
"03-19-24 / 09:54 AM","West Upper Tier","West32","HH","1","496.91"
"03-19-24 / 02:36 AM","East Lower Tier","East11","N","2","971.25"
"03-18-24 / 07:11 PM","East Lower Tier","East9","J","2","994.38"
"03-18-24 / 01:04 PM","West Upper Tier","West32","CC","1","399"
"03-18-24 / 07:13 AM","East Lower Tier","East5","D","2","1179.38"
"03-18-24 / 07:13 AM","West Lower Tier","West31","BB","2","601.74"
"03-17-24 / 06:34 PM","Floor","General Admission","","1","529.93"
"03-17-24 / 06:34 PM","West Lower Tier","West7","BB","2","663.23"
"03-17-24 / 06:34 PM","Floor","General Admission","","3","829.04"
"03-17-24 / 06:34 PM","South Lower Tier","South3","K","2","741.9"
"03-17-24 / 06:34 PM","West Lower Tier","West9","NN","2","760.47"
"03-17-24 / 02:09 AM","Front Standing","Right","","2","681.82"
"03-17-24 / 02:09 AM","East Upper Tier","East16","B","1","517.12"
"03-17-24 / 02:09 AM","South Upper Tier","South8","UU","2","604.11"
"03-16-24 / 07:35 PM","Floor","General Admission","","2","603.53"
"03-16-24 / 07:35 PM","South Upper Tier","South10","MM","4","765.83"
"03-16-24 / 01:00 AM","West Lower Tier","West21","O","2","1140.63"
"03-16-24 / 01:00 AM","South Upper Tier","South16","GG","1","580.68"
"03-16-24 / 01:00 AM","West Lower Tier","West11","GG","1","574.82"
"03-16-24 / 01:00 AM","West Lower Tier","West11","HH","1","571.33"
"03-15-24 / 08:50 PM","East Lower Tier","East13","L","2","850.29"
"03-15-24 / 08:50 PM","Floor","General Admission","","3","653.27"
"03-15-24 / 08:50 PM","Floor","General Admission","","2","580.68"
"03-15-24 / 02:25 PM","Floor","General Admission","","6","582.21"
"03-15-24 / 02:25 PM","Floor","General Admission","","5","530.25"
"03-15-24 / 08:22 AM","West Lower Tier","West1","MM","2","624.74"
"03-14-24 / 05:11 PM","South Upper Tier","South14","UU","2","601.67"
"03-13-24 / 04:47 PM","Floor","General Admission","","1","571.31"
"03-13-24 / 04:47 PM","South Upper Tier","South4","KK","2","637.83"
"03-12-24 / 04:39 AM","Floor","General Admission","","1","570.78"
"03-11-24 / 08:38 PM","South Upper Tier","South4","Ee","1","504.12"
"03-10-24 / 11:10 PM","West Upper Tier","West36","TT","2","482.01"
"03-10-24 / 11:10 PM","West Upper Tier","West24","UU","1","409.97"
"03-10-24 / 04:20 PM","East Upper Tier","East22","M","1","402.96"
"03-10-24 / 04:20 PM","Floor","General Admission","","2","522.78"
"03-10-24 / 04:20 PM","East Lower Tier","East15","T","1","910.58"
"03-10-24 / 04:20 PM","East Lower Tier","East13","G","2","863.48"
"03-10-24 / 04:20 PM","West Upper Tier","West10","N","1","470.99"
"03-10-24 / 10:19 AM","West Upper Tier","West2","Q","2","657.98"
"03-10-24 / 10:18 AM","Floor","General Admission","","2","523.98"
"03-09-24 / 05:53 PM","East Lower Tier","East7","N","1","889.65"
"03-09-24 / 05:53 PM","Floor","General Admission","","2","584.79"
"03-09-24 / 10:41 AM","Floor","General Admission","","2","520.73"
"03-09-24 / 10:41 AM","West Upper Tier","West8","KK","2","792.83"
"03-09-24 / 10:41 AM","West Upper Tier","West36","DD","4","489.99"
"03-09-24 / 01:12 AM","East Lower Tier","East11","O","2","971.25"
"03-08-24 / 04:28 PM","Floor","General Admission","","2","521.92"
"03-08-24 / 04:28 PM","West Lower Tier","West17","HH","1","620.14"
"03-08-24 / 04:28 PM","Floor","General Admission","","4","676.37"
"03-08-24 / 04:28 PM","West Lower Tier","West3","S","1","521.27"
"03-08-24 / 08:27 AM","West Upper Tier","West12","Y","2","619.21"
"03-07-24 / 11:12 PM","Floor","General Admission","","4","618.67"
"03-07-24 / 11:12 PM","Floor","General Admission","","2","517.98"
"03-07-24 / 03:01 PM","Floor","General Admission","","2","548.97"
"03-07-24 / 03:01 PM","Floor","General Admission","","2","548.97"
"03-06-24 / 11:26 PM","East Upper Tier","East8","F","2","878.87"
"03-06-24 / 11:26 PM","South Lower Tier","South1","K","2","563.51"
"03-06-24 / 02:51 PM","Front Standing","Left","","2","620.38"
"03-06-24 / 02:51 PM","East Lower Tier","East5","V","1","928.49"
"03-06-24 / 04:58 AM","South Upper Tier","South6","TT","2","580.79"
"03-05-24 / 09:19 AM","Floor","General Admission","","2","597.88"
"03-05-24 / 09:19 AM","South Upper Tier","South6","BB","1","443.25"
"03-05-24 / 12:02 AM","West Lower Tier","West3","W","2","617.33"
"03-05-24 / 12:02 AM","West Lower Tier","West7","BB","2","659.72"
"03-05-24 / 12:02 AM","South Lower Tier","South9","QQ","1","588.69"
"03-04-24 / 07:34 PM","West Lower Tier","West11","HH","1","579.84"
"03-04-24 / 07:34 PM","East Lower Tier","East5","E","1","1235.96"
"03-04-24 / 07:34 PM","West Upper Tier","West4","AA","2","586.16"
"03-04-24 / 10:55 AM","South Lower Tier","South3","H","2","618.17"
"03-03-24 / 05:38 AM","Floor","General Admission","","1","634.02"
"03-03-24 / 05:38 AM","West Upper Tier","West36","NN","1","380.49"
"03-03-24 / 05:38 AM","West Upper Tier","West10","VV","1","451.44"
"03-02-24 / 12:52 PM","Floor","General Admission","","2","546.57"
"03-02-24 / 12:52 PM","South Upper Tier","South2","F","2","471.5"
"03-01-24 / 09:56 AM","West Upper Tier","West10","MM","2","508.75"
"03-01-24 / 12:49 AM","East Upper Tier","East2","F","1","567.13"
"03-01-24 / 12:49 AM","South Lower Tier","South5","LL","2","618.35"
"03-01-24 / 12:49 AM","West Upper Tier","West22","FF","2","521.31"
"03-01-24 / 12:49 AM","South Upper Tier","South14","TT","1","515.57"
"03-01-24 / 12:49 AM","West Upper Tier","West22","WW","1","439.04"
"02-28-24 / 11:07 PM","West Upper Tier","West8","WW","1","461.89"
"02-28-24 / 01:30 AM","Floor","General Admission","","2","528"
"02-28-24 / 01:30 AM","South Upper Tier","South6","MM","2","528"
"02-28-24 / 01:30 AM","South Upper Tier","South14","Z","1","1149.81"
"02-27-24 / 08:16 AM","East Upper Tier","East8","E","2","1580.63"
"02-27-24 / 08:16 AM","West Upper Tier","West16","OO","2","540.4"
"02-26-24 / 06:52 PM","West Upper Tier","West10","Y","1","417.92"
"02-26-24 / 06:52 PM","West Upper Tier","West20","KK","1","439.92"
"02-26-24 / 11:04 AM","West Upper Tier","West36","QQ","2","729.96"
"02-25-24 / 07:37 PM","Floor","General Admission","","2","540.76"
"02-24-24 / 08:54 PM","West Lower Tier","West5","V","2","567.64"
"02-24-24 / 11:25 AM","West Upper Tier","West6","HH","2","525.99"
"02-23-24 / 09:23 PM","South Upper Tier","South8","WW","2","541.42"
"02-23-24 / 09:23 PM","East Lower Tier","East13","L","2","913.89"
"02-23-24 / 09:23 PM","Front Standing","Front Standing","","6","797.88"
"02-23-24 / 09:23 PM","Floor","General Admission","","5","569.91"
"02-23-24 / 12:21 PM","East Upper Tier","East16","O","2","568.65"
"02-23-24 / 12:21 PM","West Upper Tier","West18","RR","2","568.77"
"02-23-24 / 07:50 AM","East Lower Tier","East11","N","2","1200"
"02-23-24 / 07:50 AM","West Lower Tier","West15","L","4","1215"
"02-23-24 / 07:50 AM","West Lower Tier","West31","Y","2","667.4"
"02-22-24 / 06:10 PM","East Lower Tier","East11","H","4","1215"
"02-22-24 / 10:43 AM","West Upper Tier","West38","NN","1","426.94"
"02-21-24 / 11:00 AM","West Upper Tier","West36","TT","2","562.04"
"02-20-24 / 06:38 PM","East Upper Tier","East4","R","1","407.04"
"02-20-24 / 06:38 PM","Floor","General Admission","","1","612.63"
"02-20-24 / 06:38 PM","East Upper Tier","East4","X","1","509.48"
"02-20-24 / 02:39 PM","South Upper Tier","South4","JJ","2","629.3"
"02-19-24 / 08:23 PM","West Upper Tier","West2","Z","1","454.18"
"02-19-24 / 04:30 PM","West Upper Tier","West4","WW","1","442.37"
"02-19-24 / 04:30 PM","Floor","General Admission","","1","610.6"
"02-19-24 / 06:24 AM","Front Standing","Left","","1","688.45"
"02-19-24 / 06:24 AM","South Upper Tier","South18","VV","2","632.1"
"02-19-24 / 06:24 AM","West Lower Tier","West29","HH","3","665.39"
"02-18-24 / 09:06 AM","South Upper Tier","South6","TT","2","623.8"
"02-18-24 / 09:06 AM","West Upper Tier","West10","Z","1","443.59"
"02-17-24 / 02:13 AM","South Upper Tier","South2","T","1","402.61"
"02-17-24 / 02:13 AM","South Upper Tier","South12","VV","2","617.13"
"02-16-24 / 05:07 PM","Floor","General Admission","","2","830.38"
"02-16-24 / 09:36 AM","Front Standing","Right","","1","635.76"
"02-16-24 / 09:36 AM","East Upper Tier","East2","W","4","588.02"
"02-16-24 / 09:36 AM","Front Standing","Right","","2","710.7"
"02-16-24 / 09:36 AM","South Upper Tier","South2","CC","1","331.7"
"02-16-24 / 09:36 AM","West Upper Tier","West8","OO","2","624.54"
"02-16-24 / 05:27 AM","Floor","General Admission","","4","900"
"02-15-24 / 03:29 AM","West Lower Tier","West19","P","4","1150"
"02-15-24 / 03:29 AM","West Upper Tier","West30","QQ","1","331.65"
"02-14-24 / 06:32 PM","Front Standing","Right","","1","637.79"
"02-14-24 / 06:32 PM","South Upper Tier","South12","WW","2","698.79"
"02-14-24 / 02:40 AM","West Upper Tier","West38","DD","2","583.93"
"02-13-24 / 09:38 AM","Front Standing","Left","","3","726.16"
"02-13-24 / 09:37 AM","South Upper Tier","South4","CC","1","555.67"
"02-12-24 / 06:46 PM","Floor","General Admission","","2","500.1"
"02-12-24 / 12:26 PM","West Upper Tier","West34","PP","2","568.31"
"02-10-24 / 04:52 AM","East Upper Tier","East4","U","1","388.58"
"02-10-24 / 04:52 AM","West Upper Tier","West4","WW","1","378.63"
"02-09-24 / 02:18 AM","East Upper Tier","East12","B","1","527.89"
"02-09-24 / 02:18 AM","West Upper Tier","West8","LL","1","409.17"
"02-08-24 / 05:31 PM","West Upper Tier","West8","AA","2","611.24"
"02-08-24 / 05:31 PM","East Upper Tier","East6","F","2","824.68"
"02-08-24 / 01:26 AM","South Upper Tier","South14","WW","1","446.25"
"02-05-24 / 11:13 PM","Floor","General Admission","","2","630.41"
"02-05-24 / 11:13 PM","West Upper Tier","West28","N","1","443.81"
"02-05-24 / 03:34 PM","South Upper Tier","South4","NN","2","1108.25"
"02-05-24 / 03:34 PM","West Upper Tier","West36","FF","1","377.24"
"02-05-24 / 02:36 AM","West Upper Tier","West32","BB","2","480"
"02-04-24 / 06:41 PM","East Upper Tier","East8","F","2","944.95"
"02-04-24 / 06:41 PM","South Upper Tier","South10","S","2","860.09"
"02-03-24 / 05:20 AM","South Upper Tier","South6","T","2","695.47"
"02-01-24 / 09:00 PM","South Upper Tier","South12","S","1","1104.68"
"01-31-24 / 09:22 PM","East Upper Tier","East14","W","3","990"
"01-30-24 / 03:34 PM","South Upper Tier","South6","NN","4","879.7"
"01-29-24 / 05:09 PM","East Lower Tier","East11","O","2","1100"
"01-29-24 / 05:09 PM","Floor","General Admission","","2","760.35"
"01-29-24 / 04:08 AM","South Upper Tier","South14","EE","2","793.82"
"01-27-24 / 10:45 PM","Floor","General Admission","","2","615.12"
"01-25-24 / 10:06 PM","Front Standing","Left","","2","689.4"
"01-25-24 / 10:06 PM","East Upper Tier","East14","N","1","469.76"
"01-25-24 / 01:34 AM","South Lower Tier","South5","Q","2","960.2"
"01-23-24 / 08:30 PM","West Lower Tier","West7","G","1","1271.56"
"01-21-24 / 11:45 PM","West Upper Tier","West18","SS","4","1014.43"
"01-21-24 / 02:16 PM","East Lower Tier","East3","H","2","993.45"
"01-21-24 / 10:46 AM","West Lower Tier","West21","W","4","1250"
"01-21-24 / 07:50 AM","West Upper Tier","West8","OO","2","663.15"
"01-21-24 / 04:36 AM","West Lower Tier","West3","T","1","702.82"
"01-20-24 / 02:12 PM","Floor","General Admission","","1","540"
"01-20-24 / 02:12 PM","East Lower Tier","East13","U","1","1470.27"
"01-20-24 / 02:12 PM","West Upper Tier","West10","VV","2","604.95"
"01-18-24 / 03:14 PM","Floor","General Admission","","1","499.88"
"01-18-24 / 03:14 PM","West Upper Tier","West4","VV","4","613.49"
"01-18-24 / 03:39 AM","West Upper Tier","West10","QQ","2","588.75"
"01-17-24 / 05:59 PM","South Upper Tier","South12","Ww","2","555.42"
"01-15-24 / 08:31 PM","West Upper Tier","West10","Q","1","392.84"
"01-13-24 / 05:16 PM","West Lower Tier","West7","O","1","505.79"
"01-12-24 / 09:09 PM","Floor","General Admission","","3","636.1"
"01-11-24 / 05:11 PM","West Upper Tier","West36","SS","1","385.27"
"01-11-24 / 12:16 AM","South Lower Tier","South13","OO","4","782.48"
"01-09-24 / 08:34 PM","West Upper Tier","West10","T","2","671.45"
"01-09-24 / 04:02 AM","East Lower Tier","East5","W","1","1350.15"
"01-09-24 / 04:02 AM","South Upper Tier","South10","WW","2","726.58"
"01-08-24 / 01:09 PM","Floor","General Admission","","3","698.63"
"01-07-24 / 09:23 AM","Floor","General Admission","","1","554.17"
"01-06-24 / 10:51 PM","West Upper Tier","West38","Yeah","1","387.18"
"01-04-24 / 01:17 PM","Front Standing","Front Standing","","2","556.22"
"01-04-24 / 05:25 AM","East Upper Tier","East10","D","2","1112.44"
"01-02-24 / 02:25 PM","Front Standing","Left","","1","783.21"
"01-01-24 / 03:37 PM","East Upper Tier","East14","v","1","432.82"
"01-01-24 / 03:37 PM","South Lower Tier","South3","d","1","513.07"
"01-01-24 / 12:53 AM","South Upper Tier","South6","DD","2","706.31"
"12-31-23 / 04:51 PM","South Upper Tier","South6","Z","2","706.29"
"12-30-23 / 06:02 PM","Floor","General Admission","","3","705.1"
"12-30-23 / 08:55 AM","West Upper Tier","West38","P","1","560.86"
"12-29-23 / 01:02 AM","East Lower Tier","East11","H","4","901.63"
"12-29-23 / 01:02 AM","West Upper Tier","West26","QQ","4","507.17"
"12-26-23 / 09:14 PM","West Upper Tier","West6","KK","2","679.77"
"12-26-23 / 03:36 PM","Front Standing","Right","","3","838.65"
"12-26-23 / 03:36 PM","West Upper Tier","West38","NN","1","343.13"
"12-25-23 / 02:00 PM","West Lower Tier","West19","G","2","1350"
"12-25-23 / 02:00 PM","South Upper Tier","South18","WW","2","749.21"
"12-25-23 / 03:43 AM","East Lower Tier","East3","X","2","925.17"
"12-24-23 / 05:32 PM","West Upper Tier","West6","AA","1","419.07"
"12-24-23 / 05:32 PM","Floor","General Admission","","2","647.65"
"12-24-23 / 05:32 PM","Floor","General Admission","","2","633.63"
"12-24-23 / 07:44 AM","West Lower Tier","West1","S","4","1080"
"12-24-23 / 07:44 AM","West Upper Tier","West6","WW","2","636.98"
"12-23-23 / 08:42 AM","West Lower Tier","West3","NN","1","413.12"
"12-22-23 / 03:39 PM","West Upper Tier","West4","UU","2","625.12"
"12-22-23 / 04:19 AM","Front Standing","Right","","1","695.24"
"12-21-23 / 05:12 PM","Floor","General Admission","","4","630.73"
"12-21-23 / 11:00 AM","Front Standing","Left","","2","671.83"
"12-20-23 / 11:41 PM","West Upper Tier","West30","QQ","1","571.07"
"12-20-23 / 11:41 PM","West Upper Tier","West30","HH","2","660.65"
"12-20-23 / 03:14 AM","Floor","General Admission","","1","1114.29"
"12-19-23 / 05:14 PM","Floor","General Admission","","2","624"
"12-19-23 / 05:14 PM","Floor","General Admission","","3","668.57"
"12-19-23 / 08:36 AM","South Upper Tier","South8","UU","2","936.92"
"12-18-23 / 11:29 PM","West Upper Tier","West38","QQ","2","580.94"
"12-17-23 / 03:41 AM","East Upper Tier","East12","N","2","539.97"
"12-17-23 / 03:41 AM","South Lower Tier","South9","QQ","1","568.37"
"12-16-23 / 06:24 PM","Floor","General Admission","","3","639"
"12-14-23 / 10:44 PM","East Lower Tier","East5","D","2","1000"
"12-14-23 / 02:22 AM","West Lower Tier","West17","JJ","1","589.27"
"12-13-23 / 05:14 PM","South Upper Tier","South4","KK","2","694.85"
"12-13-23 / 05:14 PM","West Lower Tier","West21","Y","4","1638"
"12-13-23 / 04:41 AM","Front Standing","Left","","2","645.21"
"12-11-23 / 11:53 PM","East Lower Tier","East9","D","2","1400"
"12-11-23 / 11:53 PM","East Lower Tier","East9","J","2","1225"
"12-11-23 / 03:32 PM","Floor","General Admission","","2","594.66"
"12-11-23 / 03:32 PM","West Upper Tier","West10","VV","2","699.57"
"12-11-23 / 08:18 AM","Front Standing","Left","","2","607.26"
"12-11-23 / 12:57 AM","West Upper Tier","West6","WW","2","629.41"
"12-10-23 / 08:28 PM","West Upper Tier","West10","TT","2","634.93"
"12-10-23 / 08:28 PM","South Upper Tier","South Upper Tier","","2","527.47"
"12-09-23 / 08:08 PM","West Upper Tier","West16","SS","4","594.78"
"12-09-23 / 11:01 AM","Floor","General Admission","","1","608.09"
"12-09-23 / 11:01 AM","Floor","General Admission","","2","597.16"
"12-09-23 / 11:01 AM","West Upper Tier","West8","OO","2","581.65"
"12-09-23 / 11:01 AM","Floor","General Admission","","2","592.73"
"12-08-23 / 07:01 PM","South Upper Tier","South2","S","4","585"
"12-08-23 / 07:01 PM","West Lower Tier","West25","D","4","1450"
"12-06-23 / 06:44 PM","West Upper Tier","West34","Z","1","367.66"
"12-05-23 / 04:18 PM","East Lower Tier","East13","L","2","758.27"
"12-04-23 / 10:24 PM","Floor","General Admission","","2","596.7"
"12-04-23 / 05:25 AM","Floor","General Admission","","3","630.89"
"12-02-23 / 07:10 PM","East Upper Tier","East14","D","2","765"
"12-02-23 / 07:10 PM","Front Standing","Left","","2","625.04"
"12-02-23 / 11:06 AM","South Upper Tier","South16","Y","2","800.83"
"12-01-23 / 05:56 PM","Floor","General Admission","","2","580.37"
"12-01-23 / 05:56 PM","West Lower Tier","West9","S","1","1896.41"
"12-01-23 / 01:05 AM","East Lower Tier","East5","D","4","1085"
"11-29-23 / 10:19 PM","South Lower Tier","South13","HH","4","1015.81"
"11-29-23 / 10:19 PM","South Lower Tier","South15","NN","4","1099.8"
"11-29-23 / 10:19 PM","South Upper Tier","South6","Y","4","695.7"
"11-29-23 / 10:19 PM","Floor","General Admission","","3","581.77"
"11-28-23 / 10:29 AM","East Upper Tier","East20","L","2","831.11"
"11-27-23 / 04:26 PM","West Lower Tier","West9","AA","2","1725.13"
"11-26-23 / 09:02 PM","Front Standing","Right","","3","781.45"
"11-26-23 / 04:22 PM","Front Standing","Left","","1","1153.24"
"11-25-23 / 04:58 AM","West Upper Tier","West38","WW","2","573.76"
"11-24-23 / 05:56 PM","Floor","General Admission","","2","625.62"
"11-24-23 / 08:25 AM","Front Standing","Left","","2","605.17"
"11-24-23 / 08:25 AM","West Upper Tier","West10","WW","6","984.56"
"11-24-23 / 08:25 AM","West Upper Tier","West10","TT","2","661.37"
"11-23-23 / 09:59 PM","Floor","General Admission","","2","551.55"
"11-23-23 / 09:59 PM","West Upper Tier","West38","Q","2","441.24"
"11-22-23 / 05:37 PM","East Upper Tier","East16","L","2","562.83"
"11-22-23 / 05:37 PM","Floor","General Admission","","1","1323.72"
"11-21-23 / 07:20 AM","Floor","General Admission","","1","560.85"
"11-20-23 / 10:48 PM","Front Standing","Left","","2","603.44"
"11-20-23 / 10:48 PM","South Upper Tier","South6","V","4","623.04"
"11-20-23 / 10:48 PM","West Upper Tier","West4","EE","4","623.04"
"11-20-23 / 07:35 AM","Floor","General Admission","","3","559.32"
"11-18-23 / 02:34 AM","East Upper Tier","East14","Q","4","619.05"
"11-18-23 / 02:34 AM","West Upper Tier","West36","FF","1","372.27"
"11-17-23 / 05:23 PM","Front Standing","Left","","2","601.13"
"11-17-23 / 05:23 PM","Floor","General Admission","","1","557.26"
"11-17-23 / 05:23 PM","West Upper Tier","West18","HH","4","619.05"
"11-16-23 / 08:13 AM","East Upper Tier","East16","A","2","623.33"
"11-16-23 / 08:13 AM","Front Standing","Left","","2","605.79"
"11-16-23 / 08:13 AM","West Upper Tier","West10","TT","4","568.86"
"11-16-23 / 08:13 AM","West Lower Tier","West5","NN","1","769.48"
"11-16-23 / 08:13 AM","West Upper Tier","West6","VV","2","624.58"
"11-16-23 / 12:07 AM","Floor","General Admission","","3","570.61"
"11-16-23 / 12:07 AM","East Lower Tier","East5","W","1","1151.32"
"11-16-23 / 12:07 AM","East Upper Tier","East16","O","4","623.33"
"11-16-23 / 12:07 AM","West Upper Tier","West24","BB","1","544.13"
"11-16-23 / 12:06 AM","South Upper Tier","South4","E","1","621.51"
"11-16-23 / 12:06 AM","West Lower Tier","West31","X","1","414.73"
"11-15-23 / 02:40 AM","South Upper Tier","South16","UU","4","1350"
"11-15-23 / 02:40 AM","West Upper Tier","West10","NN","1","431.95"
"11-15-23 / 02:40 AM","West Upper Tier","West6","UU","4","1350"
"11-14-23 / 06:19 PM","Front Standing","Right","","2","632.22"
"11-14-23 / 11:13 AM","Floor","General Admission","","2","585"
"11-14-23 / 03:58 AM","West Upper Tier","West8","GG","1","355.11"
"11-13-23 / 08:02 PM","Floor","General Admission","","2","584.75"
"11-13-23 / 08:02 PM","West Upper Tier","West14","O","2","645.37"
"11-13-23 / 05:03 AM","Front Standing","Left","","1","607.24"
"11-12-23 / 08:08 PM","Floor","General Admission","","4","586.22"
"11-11-23 / 05:42 AM","West Upper Tier","West6","VV","2","539.27"
"11-10-23 / 03:10 AM","South Lower Tier","South15","AA","3","899.1"
"11-09-23 / 09:35 PM","Floor","General Admission","","2","432.42"
"11-08-23 / 03:33 PM","East Lower Tier","East13","T","2","890.52"
"11-06-23 / 10:23 PM","West Lower Tier","West17","N","4","1306.25"
"11-06-23 / 01:33 PM","East Lower Tier","East7","S","2","997.5"
"11-05-23 / 09:15 PM","West Upper Tier","West6","VV","2","507.87"
"11-05-23 / 06:01 AM","Floor","General Admission","","2","517.28"
"11-04-23 / 09:29 PM","East Lower Tier","East9","T","2","1045"
"11-04-23 / 01:06 PM","Floor","General Admission","","2","540.35"
"11-03-23 / 07:36 PM","South Upper Tier","South Upper Tier","","2","494.26"
"11-02-23 / 01:35 AM","South Upper Tier","South14","WW","3","804.75"
"11-01-23 / 05:07 PM","East Upper Tier","East10","T","2","645.36"
"11-01-23 / 05:07 PM","Floor","General Admission","","2","537.57"
"11-01-23 / 10:01 AM","East Lower Tier","East9","J","4","1330"
"11-01-23 / 10:01 AM","West Lower Tier","West1","G","2","1014.97"
"10-31-23 / 06:28 PM","South Upper Tier","South18","z","2","558.83"
"10-31-23 / 04:17 AM","East Lower Tier","East11","V","4","760.21"
"10-31-23 / 04:17 AM","West Upper Tier","West18","HH","2","1195.24"
"10-30-23 / 06:59 AM","West Lower Tier","West15","Z","4","878.75"
"10-28-23 / 02:05 PM","East Lower Tier","East9","N","4","945.25"
"10-28-23 / 12:37 AM","Front Standing","Right","","2","566.86"
"10-27-23 / 04:32 PM","West Upper Tier","West6","BB","2","880.9"
"10-26-23 / 11:02 PM","South Upper Tier","South12","VV","4","570"
"10-26-23 / 02:20 PM","West Lower Tier","West13","F","2","908.88"
"10-26-23 / 05:07 AM","South Upper Tier","South14","RR","2","684.41"
"10-26-23 / 05:07 AM","South Upper Tier","South12","ww","2","585.26"
"10-22-23 / 11:50 AM","West Upper Tier","West36","SS","3","530.83"
"10-21-23 / 08:14 PM","East Lower Tier","East7","Q","4","926.25"
"10-21-23 / 05:41 AM","Floor","General Admission","","4","397.39"
"10-21-23 / 05:41 AM","South Upper Tier","South20","Z","2","505.19"
"10-20-23 / 08:01 PM","East Upper Tier","East10","D","2","648.22"
"10-18-23 / 06:30 AM","West Lower Tier","West19","AA","2","783.75"
"10-17-23 / 09:11 PM","Floor","General Admission","","1","509.83"
"10-17-23 / 12:52 PM","South Upper Tier","South10","S","4","779.66"
"10-16-23 / 11:51 AM","East Upper Tier","East18","N","2","552.85"
"10-16-23 / 04:56 AM","South Lower Tier","South5","R","2","765.24"
"10-15-23 / 12:27 PM","East Upper Tier","East18","H","4","551.7"
"10-15-23 / 04:08 AM","South Lower Tier","South5","K","1","724.89"
"10-14-23 / 02:10 AM","West Upper Tier","West8","FF","1","484.5"
"10-13-23 / 04:51 PM","West Upper Tier","West6","Y","2","510.1"
"10-12-23 / 11:28 PM","West Upper Tier","West16","VV","2","617.93"
"10-12-23 / 07:13 AM","East Upper Tier","East4","Y","1","350.44"
"10-11-23 / 01:30 PM","East Upper Tier","East18","Z","2","346.14"
"10-11-23 / 01:30 PM","Front Standing","Right","","1","623.51"
"10-10-23 / 09:09 PM","South Lower Tier","South9","OO","4","1161.54"
"10-10-23 / 09:09 PM","East Upper Tier","East6","X","4","1161.54"
"10-10-23 / 09:09 PM","Floor","General Admission","","2","562.18"
"10-10-23 / 09:52 AM","Front Standing","Right","","2","610.63"
"10-08-23 / 11:25 PM","South Upper Tier","South4","LL","4","581.1"
"10-08-23 / 11:25 PM","South Upper Tier","South4","KK","2","684.09"
"10-06-23 / 11:55 AM","Front Standing","Left","","2","619.91"
"10-05-23 / 09:49 PM","West Lower Tier","West1","P","2","533.52"
"10-05-23 / 12:59 PM","Floor","General Admission","","2","494.93"
"10-05-23 / 12:59 PM","Floor","General Admission","","2","530.28"
"10-04-23 / 09:57 PM","Front Standing","Right","","3","598.5"
"10-04-23 / 09:57 PM","West Upper Tier","West32","BB","4","354.82"
"10-04-23 / 09:57 PM","Floor","General Admission","","2","529.49"
"10-04-23 / 09:57 PM","West Upper Tier","West16","SS","4","300.74"
"10-04-23 / 09:57 PM","Floor","General Admission","","2","542.99"
"10-04-23 / 09:57 PM","South Upper Tier","South12","JJ","4","554.72"
"10-04-23 / 09:57 PM","South Upper Tier","South16","X","1","403.43"
"10-02-23 / 03:26 AM","Front Standing","Right","","2","713.15"
"10-01-23 / 10:23 PM","East Lower Tier","East Lower Tier","S","2","1111.5"